id,created_at,closed_at,handle_seconds,status,channel,customer_name,customer_email,customer_country,order_number,order_product,order_source,order_authorized,issue,decision,reason_code,citation,primary_agent_id,stage
WC-10133,2026-05-17T20:41:42Z,2026-05-17T20:46:48Z,306,CLOSED,email,"Mateo Gagnon","mateo.gagnon@example.ca",CA,"JD-100028","JOOLA Spirit Carbon Blade",JOOLA_DIRECT,true,"Edge guard came loose during play",ELIGIBLE_FOR_DAMAGE_REVIEW,"NFC_REGISTERED_WITHIN_WINDOW","§2.5, §2.4",response,closed
WC-10077,2026-05-17T20:35:30Z,2026-05-17T20:45:58Z,628,CLOSED,web,"Carlos Vega","carlos.vega@example.com",PR,"JD-100029","JOOLA Infinity Apparel Tee",JOOLA_DIRECT,true,"Paddle bag handle stitching came apart",NOT_ELIGIBLE,"UNAUTHORIZED_SELLER","§1.7, §2.3",rules,closed
WC-10037,2026-05-17T20:30:39Z,2026-05-17T20:32:07Z,88,CLOSED,email,"Ethan Hughes","ethan.hughes@example.com",US,"JD-100023","iPong Carbon Fiber Robot",JOOLA_DIRECT,true,"Handle grip is peeling off",ELIGIBLE_FOR_DAMAGE_REVIEW,"DEFECT_REPORTED_WITH_PHOTOS","§2.8 Step 2",response,closed
WC-10104,2026-05-17T20:18:28Z,,,OPEN,voice,"Mateo Gagnon","mateo.gagnon@example.ca",CA,"JD-100028","JOOLA Spirit Carbon Blade",JOOLA_DIRECT,true,"Question about warranty registration window",PROCESSING,"","",intake,intake
WC-10285,2026-05-17T19:18:22Z,,,OPEN,voice,"Sarah Lee","sarah.lee@example.com",US,"","",,false,"Cracked paddle",PROCESSING,"","",,verify
WC-10284,2026-05-17T19:17:10Z,,,OPEN,web,"John Smith","john.smith@example.com",US,"JD-100001","JOOLA Perseus 3 14mm",JOOLA_DIRECT,true,"My paddle cracked along the edge during normal play.",ELIGIBLE_FOR_DAMAGE_REVIEW,"NFC_EXTENDED_WARRANTY","§2.5",response,draft
WC-10283,2026-05-17T19:17:00Z,,,OPEN,web,"John Smith","john.smith@example.com",US,"JD-100001","JOOLA Perseus 3 14mm",JOOLA_DIRECT,true,"My paddle cracked along the edge during normal play.",ELIGIBLE_FOR_DAMAGE_REVIEW,"NFC_EXTENDED_WARRANTY","§2.5",esc,rules
WC-10282,2026-05-17T19:16:19Z,,,OPEN,voice,"John Smith","john.smith@example.com",US,"","",,false,"(voice call in progress)",PROCESSING,"","",,intake
WC-10281,2026-05-17T19:16:18Z,,,OPEN,voice,"John Smith","john.smith@example.com",US,"","",,false,"(voice call in progress)",PROCESSING,"","",,intake
WC-10053,2026-05-17T19:07:10Z,2026-05-17T19:09:58Z,168,CLOSED,web,"Tomás Rivera","tomas.rivera@example.com",US,"JD-100025","JOOLA Outdoor Pro Table",JOOLA_DIRECT,true,"Net height adjustment slipping during play",ELIGIBLE_FOR_DAMAGE_REVIEW,"DAMAGED_ON_ARRIVAL","§3.9, §1.3",response,closed
WC-10260,2026-05-17T19:03:32Z,,,OPEN,email,"Mateo Gagnon","mateo.gagnon@example.ca",CA,"JD-100028","JOOLA Spirit Carbon Blade",JOOLA_DIRECT,true,"Ball logo prints are flaking off",ELIGIBLE_FOR_DAMAGE_REVIEW,"DAMAGED_ON_ARRIVAL","§3.9, §1.3",response,verify
WC-10245,2026-05-17T18:21:37Z,2026-05-17T18:25:38Z,241,CLOSED,voice,"David Park","david.park@example.com",US,"JD-100008","JOOLA Hyperion CAS 16mm",JOOLA_DIRECT,true,"Carbon face has visible fiber lifting",ELIGIBLE_FOR_DAMAGE_REVIEW,"DEFECT_REPORTED_WITH_PHOTOS","§2.8 Step 2",response,closed
WC-10062,2026-05-17T17:46:42Z,,,OPEN,web,"Grace Liu","grace.liu@example.com",US,"JD-100024","JOOLA Indoor Tournament Table 3000",JOOLA_DIRECT,true,"Ball logo prints are flaking off",ELIGIBLE_FOR_DAMAGE_REVIEW,"DAMAGED_ON_ARRIVAL","§3.9, §1.3",response,intake
WC-10145,2026-05-17T17:36:14Z,,,OPEN,web,"Jordan West","jordan.west@example.com",US,"JD-100021","JOOLA Tour Elite Bag",JOOLA_DIRECT,true,"Dead spot on the face — sounds hollow",HUMAN_REVIEW_REQUIRED,"AMBIGUOUS_DAMAGE","§2.3, §5.2",esc,verify
WC-10157,2026-05-17T17:26:16Z,2026-05-17T17:35:33Z,557,CLOSED,email,"Liam Tremblay","liam.tremblay@example.ca",CA,"JD-100026","JOOLA Rhyzm 425 Rubber",JOOLA_DIRECT,true,"Paddle face has bubbling under the surface",ELIGIBLE_FOR_DAMAGE_REVIEW,"NFC_REGISTERED_WITHIN_WINDOW","§2.5, §2.4",response,closed
WC-10162,2026-05-17T17:14:11Z,,,OPEN,web,"Marcus Hall","marcus.hall@example.com",US,"JD-100018","JOOLA Essentials Paddle",JOOLA_DIRECT,true,"Edge guard fully detached on the bottom",ELIGIBLE_FOR_DAMAGE_REVIEW,"NFC_REGISTERED_WITHIN_WINDOW","§2.5, §2.4",response,verify
WC-10095,2026-05-17T17:11:26Z,,,OPEN,email,"Sarah Lee","sarah.lee@example.com",US,"JD-100002","JOOLA Hyperion CFS 16mm",JOOLA_DIRECT,true,"Core sounds dead, very dampened response",ELIGIBLE_FOR_DAMAGE_REVIEW,"NFC_EXTENDED_WARRANTY","§2.5",response,draft
WC-10017,2026-05-17T16:56:51Z,,,OPEN,voice,"Ravi Kumar","ravi.kumar@example.in",IN,"JD-100040","JOOLA Perseus 3 16mm",JOOLA_DIRECT,true,"Customer in India, purchased from JOOLA US site. Wants warranty replacement.",HUMAN_REVIEW_REQUIRED,"OUTSIDE_REGION","§2.1, §4.13, §5.2",esc,rules
WC-10018,2026-05-17T16:49:51Z,,,OPEN,voice,"Alex Green","alex.green@example.com",US,"EB-300001","JOOLA Hyperion CFS 16mm",EBAY,false,"Disputes eBay = unauthorized. Says seller was ""official"" JOOLA storefront.",HUMAN_REVIEW_REQUIRED,"DISPUTED_SELLER","§1.7, §2.9, §5.2",esc,verify
WC-10274,2026-05-17T16:36:41Z,2026-05-17T16:44:22Z,461,CLOSED,email,"Nadia Costa","nadia.costa@example.com",US,"JD-100020","JOOLA Primo Pickleballs (12)",JOOLA_DIRECT,true,"Eyewear hinge snapped on first use",ELIGIBLE_FOR_DAMAGE_REVIEW,"DAMAGED_ON_ARRIVAL","§3.9, §1.3",response,closed
WC-10019,2026-05-17T16:35:51Z,,,OPEN,web,"Hannah Cole","hannah.cole@example.com",US,"JD-100010","JOOLA Perseus Pro IV 16mm",JOOLA_DIRECT,true,"Photos unclear — damage could be wear-and-tear or manufacturing.",HUMAN_REVIEW_REQUIRED,"AMBIGUOUS_DAMAGE","§2.3, §5.2",esc,rules
WC-10020,2026-05-17T16:26:51Z,,,OPEN,email,"Daniel Kim","daniel.kim@example.com",US,"JD-100014","JOOLA Magnus 3 14mm",JOOLA_DIRECT,true,"Customer mentioned social media — handle with care.",HUMAN_REVIEW_REQUIRED,"BRAND_RISK","§5.2",esc,draft
WC-10023,2026-05-17T15:49:15Z,2026-05-17T15:59:59Z,644,CLOSED,email,"Ravi Kumar","ravi.kumar@example.in",IN,"JD-100040","JOOLA Perseus 3 16mm",JOOLA_DIRECT,true,"Edge guard came loose during play",ELIGIBLE_FOR_DAMAGE_REVIEW,"DEFECT_REPORTED_WITH_PHOTOS","§2.8 Step 2",response,closed
WC-10043,2026-05-17T14:54:18Z,2026-05-17T14:57:17Z,179,CLOSED,web,"Nadia Costa","nadia.costa@example.com",US,"FB-400001","JOOLA Magnus 3 16mm",FACEBOOK_MARKETPLACE,false,"Eyewear lens has internal scratch",ELIGIBLE_FOR_DAMAGE_REVIEW,"DEFECT_REPORTED_WITH_PHOTOS","§2.8 Step 2",response,closed
WC-10106,2026-05-17T14:23:25Z,2026-05-17T14:54:49Z,1884,CLOSED,voice,"Lena Schmidt","lena.schmidt@example.de",DE,"JD-100042","JOOLA Scorpeus 4 14mm",JOOLA_DIRECT,true,"Net height adjustment slipping during play",ELIGIBLE_FOR_DAMAGE_REVIEW,"DEFECT_REPORTED_WITH_PHOTOS","§2.8 Step 2",response,closed
WC-10238,2026-05-17T13:28:22Z,,,REOPENED,email,"Lena Schmidt","lena.schmidt@example.de",DE,"JD-100042","JOOLA Scorpeus 4 14mm",JOOLA_DIRECT,true,"Paddle bag handle stitching came apart",ELIGIBLE_FOR_DAMAGE_REVIEW,"NFC_REGISTERED_WITHIN_WINDOW","§2.5, §2.4",response,rules
WC-10016,2026-05-17T13:07:51Z,,,OPEN,voice,"Emily White","emily.white@example.com",US,"JD-100005","JOOLA Perseus 3 16mm",JOOLA_DIRECT,true,"Replacement limit reached — 3 prior replacements on Perseus paddle. Customer asking for fourth.",HUMAN_REVIEW_REQUIRED,"REPLACEMENT_LIMIT_REACHED","§2.8 Step 5, §5.2",esc,rules
WC-10224,2026-05-17T12:06:58Z,2026-05-17T12:17:12Z,614,CLOSED,email,"Ravi Kumar","ravi.kumar@example.in",IN,"JD-100040","JOOLA Perseus 3 16mm",JOOLA_DIRECT,true,"Eyewear lens has internal scratch",HUMAN_REVIEW_REQUIRED,"TABLE_SIGNED_DAMAGED","§4.11, §2.7, §5.2",esc,closed
WC-10079,2026-05-17T11:34:05Z,2026-05-17T12:14:01Z,2396,CLOSED,voice,"Liam Tremblay","liam.tremblay@example.ca",CA,"JD-100026","JOOLA Rhyzm 425 Rubber",JOOLA_DIRECT,true,"Edge guard came loose during play",ELIGIBLE_FOR_DAMAGE_REVIEW,"AUTHORIZED_PURCHASE_IN_WARRANTY","§2.2, §2.4",response,closed
WC-10246,2026-05-17T11:17:39Z,2026-05-17T11:22:32Z,293,CLOSED,voice,"Lauren Chen","lauren.chen@example.com",US,"JD-100009","JOOLA Scorpeus 4 14mm",JOOLA_DIRECT,true,"Carbon face has visible fiber lifting",HUMAN_REVIEW_REQUIRED,"REPLACEMENT_LIMIT_REACHED","§2.8 Step 5, §5.2",esc,closed
WC-10014,2026-05-17T11:07:51Z,,,OPEN,voice,"Imani Foster","imani.foster@example.com",US,"JD-100022","JOOLA Ben Johns Eyewear",JOOLA_DIRECT,true,"Eyewear hinge snapped mid-rally — a piece flew toward my eye, this is a safety issue",HUMAN_REVIEW_REQUIRED,"SAFETY_CONCERN","§5.2",esc,verify
WC-10134,2026-05-17T09:55:13Z,2026-05-17T10:03:27Z,494,CLOSED,web,"Sofia Martinez","sofia.martinez@example.com",US,"JD-100015","JOOLA Scorpeus 4 16mm",JOOLA_DIRECT,true,"Hairline crack near throat area",ELIGIBLE_FOR_DAMAGE_REVIEW,"NFC_REGISTERED_WITHIN_WINDOW","§2.5, §2.4",response,closed
WC-10117,2026-05-17T09:38:51Z,,,OPEN,email,"Lauren Chen","lauren.chen@example.com",US,"JD-100055","JOOLA Tour Elite Bag",JOOLA_DIRECT,true,"Eyewear lens has internal scratch",NOT_ELIGIBLE,"NON_ORIGINAL_PURCHASER","§4.4, §2.1",rules,rules
WC-10195,2026-05-17T09:18:25Z,,,OPEN,voice,"John Smith","john.smith@example.com",US,"JD-100001","JOOLA Perseus 3 14mm",JOOLA_DIRECT,true,"Edge guard came loose during play",HUMAN_REVIEW_REQUIRED,"AMBIGUOUS_DAMAGE","§2.3, §5.2",esc,intake
WC-10168,2026-05-17T09:12:06Z,2026-05-17T09:20:39Z,513,CLOSED,voice,"Grace Liu","grace.liu@example.com",US,"","",,false,"Hairline crack near throat area",ELIGIBLE_FOR_DAMAGE_REVIEW,"AUTHORIZED_PURCHASE_IN_WARRANTY","§2.2, §2.4",response,closed
WC-10278,2026-05-17T08:26:44Z,2026-05-17T08:33:31Z,407,CLOSED,voice,"Hannah Cole","hannah.cole@example.com",US,"AR-200056","JOOLA Indoor Tournament Table 3000",AUTHORIZED_RETAILER,true,"Cosmetic chip near the corner",HUMAN_REVIEW_REQUIRED,"TABLE_SIGNED_DAMAGED","§4.11, §2.7, §5.2",esc,closed
WC-10270,2026-05-16T20:38:23Z,2026-05-16T20:47:31Z,548,CLOSED,voice,"Maria Garcia","maria.garcia@example.com",US,"","",,false,"Receipt was uploaded but never approved",ELIGIBLE_FOR_DAMAGE_REVIEW,"AUTHORIZED_PURCHASE_IN_WARRANTY","§2.2, §2.4",response,closed
WC-10126,2026-05-16T19:53:48Z,2026-05-16T20:04:16Z,628,CLOSED,voice,"Emily White","emily.white@example.com",US,"","",,false,"Paddle face has bubbling under the surface",NOT_ELIGIBLE,"UNAUTHORIZED_SELLER","§1.7, §2.3",rules,closed
WC-10011,2026-05-16T17:07:51Z,,,OPEN,voice,"Sofia Martinez","sofia.martinez@example.com",US,"AR-200004","JOOLA Indoor Tournament Table 3000",AUTHORIZED_RETAILER,true,"Indoor table arrived damaged — I signed for it before noticing the crack in the top",HUMAN_REVIEW_REQUIRED,"TABLE_SIGNED_DAMAGED","§4.11, §2.7, §5.2",esc,verify
WC-10148,2026-05-16T17:01:22Z,2026-05-16T17:28:59Z,1657,CLOSED,voice,"Oliver Bennett","oliver.bennett@example.co.uk",GB,"JD-100041","JOOLA Hyperion CFS 16mm",JOOLA_DIRECT,true,"NFC chip not reading in the app",NOT_ELIGIBLE,"OUTSIDE_WARRANTY_REGION","§2.1, §4.13",rules,closed
WC-10171,2026-05-16T16:07:35Z,,,OPEN,voice,"Chris Wilson","chris.wilson@example.com",US,"JD-100006","JOOLA Magnus 3 16mm",JOOLA_DIRECT,true,"Eyewear lens has internal scratch",ELIGIBLE_FOR_DAMAGE_REVIEW,"DEFECT_REPORTED_WITH_PHOTOS","§2.8 Step 2",response,draft
WC-10240,2026-05-16T15:51:26Z,2026-05-16T15:57:45Z,379,CLOSED,email,"Daniel Kim","daniel.kim@example.com",US,"JD-100060","JOOLA Vision CGS 14mm",JOOLA_DIRECT,true,"Paddle face has bubbling under the surface",NOT_ELIGIBLE,"CANCELLATION_NOT_PERMITTED","§1.5, §4.10",rules,closed
WC-10215,2026-05-16T15:04:25Z,,,REOPENED,email,"Aisha Khan","aisha.khan@example.com",US,"JD-100017","JOOLA Solaire Paddle",JOOLA_DIRECT,true,"Edge guard fully detached on the bottom",HUMAN_REVIEW_REQUIRED,"AMBIGUOUS_DAMAGE","§2.3, §5.2",esc,rules
WC-10116,2026-05-16T14:55:16Z,,,OPEN,email,"Hannah Cole","hannah.cole@example.com",US,"JD-100010","JOOLA Perseus Pro IV 16mm",JOOLA_DIRECT,true,"Question about warranty registration window",ELIGIBLE_FOR_DAMAGE_REVIEW,"AUTHORIZED_PURCHASE_IN_WARRANTY","§2.2, §2.4",response,draft
WC-10197,2026-05-16T14:43:50Z,,,OPEN,email,"Lauren Chen","lauren.chen@example.com",US,"JD-100055","JOOLA Tour Elite Bag",JOOLA_DIRECT,true,"Hairline crack near throat area",ELIGIBLE_FOR_DAMAGE_REVIEW,"DEFECT_REPORTED_WITH_PHOTOS","§2.8 Step 2",response,intake
WC-10233,2026-05-16T13:54:07Z,2026-05-16T13:55:20Z,73,CLOSED,voice,"Imani Foster","imani.foster@example.com",US,"JD-100022","JOOLA Ben Johns Eyewear",JOOLA_DIRECT,true,"Ball logo prints are flaking off",WARRANTY_EXPIRED,"WARRANTY_PERIOD_EXPIRED","§2.4",rules,closed
WC-10254,2026-05-16T12:45:49Z,,,OPEN,voice,"Imani Foster","imani.foster@example.com",US,"JD-100022","JOOLA Ben Johns Eyewear",JOOLA_DIRECT,true,"Dead spot on the face — sounds hollow",HUMAN_REVIEW_REQUIRED,"AMBIGUOUS_DAMAGE","§2.3, §5.2",esc,rules
WC-10130,2026-05-16T12:29:38Z,2026-05-16T12:30:51Z,73,CLOSED,voice,"Aisha Khan","aisha.khan@example.com",US,"JD-100017","JOOLA Solaire Paddle",JOOLA_DIRECT,true,"Core sounds dead, very dampened response",ELIGIBLE_FOR_DAMAGE_REVIEW,"AUTHORIZED_PURCHASE_IN_WARRANTY","§2.2, §2.4",response,closed
WC-10165,2026-05-16T11:56:05Z,2026-05-16T11:59:43Z,218,CLOSED,web,"Lena Schmidt","lena.schmidt@example.de",DE,"JD-100042","JOOLA Scorpeus 4 14mm",JOOLA_DIRECT,true,"Net height adjustment slipping during play",ELIGIBLE_FOR_DAMAGE_REVIEW,"AUTHORIZED_PURCHASE_IN_WARRANTY","§2.2, §2.4",response,closed
WC-10223,2026-05-16T11:42:31Z,2026-05-16T11:58:24Z,953,CLOSED,voice,"Ravi Kumar","ravi.kumar@example.in",IN,"JD-100040","JOOLA Perseus 3 16mm",JOOLA_DIRECT,true,"Handle grip is peeling off",ELIGIBLE_FOR_DAMAGE_REVIEW,"AUTHORIZED_PURCHASE_IN_WARRANTY","§2.2, §2.4",response,closed
WC-10181,2026-05-16T09:31:30Z,2026-05-16T09:32:23Z,53,CLOSED,web,"Sarah Lee","sarah.lee@example.com",US,"JD-100048","JOOLA Primo Pickleballs (12)",JOOLA_DIRECT,true,"Paddle warped after one week of play",ELIGIBLE_FOR_DAMAGE_REVIEW,"AUTHORIZED_PURCHASE_IN_WARRANTY","§2.2, §2.4",response,closed
WC-10275,2026-05-16T08:57:40Z,2026-05-16T09:05:38Z,478,CLOSED,web,"Jamal Wright","jamal.wright@example.com",US,"JD-100057","JOOLA Perseus 3 16mm",JOOLA_DIRECT,true,"Eyewear lens has internal scratch",ELIGIBLE_FOR_DAMAGE_REVIEW,"DEFECT_REPORTED_WITH_PHOTOS","§2.8 Step 2",response,closed
WC-10241,2026-05-16T08:03:11Z,2026-05-16T08:09:25Z,374,CLOSED,voice,"Sarah Lee","sarah.lee@example.com",US,"JD-100002","JOOLA Hyperion CFS 16mm",JOOLA_DIRECT,true,"Edge guard fully detached on the bottom",NOT_ELIGIBLE,"OUTSIDE_WARRANTY_REGION","§2.1, §4.13",rules,closed
WC-10103,2026-05-15T19:21:59Z,2026-05-15T19:24:47Z,168,CLOSED,web,"Lena Schmidt","lena.schmidt@example.de",DE,"JD-100042","JOOLA Scorpeus 4 14mm",JOOLA_DIRECT,true,"Ball logo prints are flaking off",HUMAN_REVIEW_REQUIRED,"REPLACEMENT_LIMIT_REACHED","§2.8 Step 5, §5.2",esc,closed
WC-10155,2026-05-15T18:47:43Z,2026-05-15T18:53:58Z,375,CLOSED,web,"Lena Schmidt","lena.schmidt@example.de",DE,"JD-100042","JOOLA Scorpeus 4 14mm",JOOLA_DIRECT,true,"Dead spot on the face — sounds hollow",ELIGIBLE_FOR_DAMAGE_REVIEW,"DAMAGED_ON_ARRIVAL","§3.9, §1.3",response,closed
WC-10236,2026-05-15T18:40:23Z,2026-05-15T18:52:14Z,711,CLOSED,email,"Daniel Kim","daniel.kim@example.com",US,"JD-100060","JOOLA Vision CGS 14mm",JOOLA_DIRECT,true,"Bag zipper broke within a month",ELIGIBLE_FOR_DAMAGE_REVIEW,"DAMAGED_ON_ARRIVAL","§3.9, §1.3",response,closed
WC-10115,2026-05-15T18:02:54Z,2026-05-15T18:14:39Z,705,CLOSED,email,"Marcus Hall","marcus.hall@example.com",US,"JD-100018","JOOLA Essentials Paddle",JOOLA_DIRECT,true,"Eyewear hinge snapped on first use",ELIGIBLE_FOR_DAMAGE_REVIEW,"AUTHORIZED_PURCHASE_IN_WARRANTY","§2.2, §2.4",response,closed
WC-10003,2026-05-15T17:07:51Z,,,OPEN,voice,"Emily White","emily.white@example.com",US,"JD-100005","JOOLA Perseus 3 16mm",JOOLA_DIRECT,true,"Replacement paddle has the same defect — this is my 4th warranty replacement on the Perseus",HUMAN_REVIEW_REQUIRED,"REPLACEMENT_LIMIT_REACHED","§4.3, §2.8 Step 5",esc,rules
WC-10176,2026-05-15T16:38:32Z,2026-05-15T16:43:04Z,272,CLOSED,email,"Tomás Rivera","tomas.rivera@example.com",US,"FB-400002","JOOLA Vision CGS 14mm",FACEBOOK_MARKETPLACE,false,"Surface delaminating around the perimeter",ELIGIBLE_FOR_DAMAGE_REVIEW,"DEFECT_REPORTED_WITH_PHOTOS","§2.8 Step 2",response,closed
WC-10139,2026-05-15T15:50:44Z,2026-05-15T15:52:02Z,78,CLOSED,voice,"Ravi Kumar","ravi.kumar@example.in",IN,"JD-100040","JOOLA Perseus 3 16mm",JOOLA_DIRECT,true,"Bag zipper broke within a month",NOT_ELIGIBLE,"NON_ORIGINAL_PURCHASER","§4.4, §2.1",rules,closed
WC-10069,2026-05-15T13:43:37Z,2026-05-15T13:48:12Z,275,CLOSED,web,"Olivia Reed","olivia.reed@example.com",US,"JD-100059","JOOLA Scorpeus 4 16mm",JOOLA_DIRECT,true,"Edge guard fully detached on the bottom",ELIGIBLE_FOR_DAMAGE_REVIEW,"DAMAGED_ON_ARRIVAL","§3.9, §1.3",response,closed
WC-10028,2026-05-15T13:10:17Z,2026-05-15T13:17:13Z,416,CLOSED,email,"Ben Carter","ben.carter@example.com",US,"JD-100016","JOOLA Journey Paddle",JOOLA_DIRECT,true,"Carbon face has visible fiber lifting",HUMAN_REVIEW_REQUIRED,"AMBIGUOUS_DAMAGE","§2.3, §5.2",esc,closed
WC-10054,2026-05-15T10:56:07Z,2026-05-15T11:04:13Z,486,CLOSED,voice,"Chris Wilson","chris.wilson@example.com",US,"JD-100006","JOOLA Magnus 3 16mm",JOOLA_DIRECT,true,"Surface delaminating around the perimeter",HUMAN_REVIEW_REQUIRED,"TABLE_SIGNED_DAMAGED","§4.11, §2.7, §5.2",esc,closed
WC-10091,2026-05-15T08:53:38Z,2026-05-15T08:57:30Z,232,CLOSED,email,"Ben Carter","ben.carter@example.com",US,"JD-100016","JOOLA Journey Paddle",JOOLA_DIRECT,true,"Handle grip is peeling off",ELIGIBLE_FOR_DAMAGE_REVIEW,"DEFECT_REPORTED_WITH_PHOTOS","§2.8 Step 2",response,closed
WC-10167,2026-05-14T19:05:13Z,2026-05-14T19:12:01Z,408,CLOSED,web,"Jordan West","jordan.west@example.com",US,"JD-100021","JOOLA Tour Elite Bag",JOOLA_DIRECT,true,"Paddle bag handle stitching came apart",ELIGIBLE_FOR_DAMAGE_REVIEW,"DAMAGED_ON_ARRIVAL","§3.9, §1.3",response,closed
WC-10015,2026-05-14T17:07:51Z,2026-05-14T19:07:51Z,7200,CLOSED,email,"Carlos Vega","carlos.vega@example.com",PR,"JD-100029","JOOLA Infinity Apparel Tee",JOOLA_DIRECT,true,"Final-sale Infinity tee arrived with a torn seam — received 3 days ago",ELIGIBLE_FOR_DAMAGE_REVIEW,"FINAL_SALE_DEFECT_IN_WINDOW","§1.8",response,closed
WC-10033,2026-05-14T15:46:18Z,2026-05-14T15:55:46Z,568,CLOSED,voice,"Daniel Kim","daniel.kim@example.com",US,"JD-100014","JOOLA Magnus 3 14mm",JOOLA_DIRECT,true,"Paddle face cracked along the edge",ELIGIBLE_FOR_DAMAGE_REVIEW,"DAMAGED_ON_ARRIVAL","§3.9, §1.3",response,closed
WC-10045,2026-05-14T15:05:26Z,2026-05-14T15:29:35Z,1449,CLOSED,email,"John Smith","john.smith@example.com",US,"JD-100047","JOOLA Solaire Paddle",JOOLA_DIRECT,true,"Receipt was uploaded but never approved",ELIGIBLE_FOR_DAMAGE_REVIEW,"NFC_REGISTERED_WITHIN_WINDOW","§2.5, §2.4",response,closed
WC-10086,2026-05-14T13:08:02Z,2026-05-14T13:14:22Z,380,CLOSED,web,"Liam Tremblay","liam.tremblay@example.ca",CA,"JD-100026","JOOLA Rhyzm 425 Rubber",JOOLA_DIRECT,true,"Surface delaminating around the perimeter",ELIGIBLE_FOR_DAMAGE_REVIEW,"NFC_REGISTERED_WITHIN_WINDOW","§2.5, §2.4",response,closed
WC-10235,2026-05-14T11:41:45Z,2026-05-14T11:45:58Z,253,CLOSED,web,"Sofia Martinez","sofia.martinez@example.com",US,"AR-200004","JOOLA Indoor Tournament Table 3000",AUTHORIZED_RETAILER,true,"Order arrived but paddle was damaged in box",ELIGIBLE_FOR_DAMAGE_REVIEW,"NFC_REGISTERED_WITHIN_WINDOW","§2.5, §2.4",response,closed
WC-10230,2026-05-14T11:20:29Z,2026-05-14T11:30:20Z,591,CLOSED,email,"Marcus Hall","marcus.hall@example.com",US,"JD-100018","JOOLA Essentials Paddle",JOOLA_DIRECT,true,"Paddle face has bubbling under the surface",ELIGIBLE_FOR_DAMAGE_REVIEW,"NFC_REGISTERED_WITHIN_WINDOW","§2.5, §2.4",response,closed
WC-10237,2026-05-14T11:16:32Z,,,REOPENED,web,"Marcus Hall","marcus.hall@example.com",US,"EB-300002","JOOLA Perseus 3 14mm",EBAY,false,"Net pole bent during normal assembly",ELIGIBLE_FOR_DAMAGE_REVIEW,"DEFECT_REPORTED_WITH_PHOTOS","§2.8 Step 2",response,rules
WC-10160,2026-05-14T10:24:36Z,2026-05-14T10:28:08Z,212,CLOSED,email,"Ethan Hughes","ethan.hughes@example.com",US,"EB-300003","JOOLA Scorpeus 4 16mm",EBAY,false,"Throat area has spider-web cracks",NOT_ELIGIBLE,"OUTSIDE_WARRANTY_REGION","§2.1, §4.13",rules,closed
WC-10271,2026-05-14T10:24:34Z,,,OPEN,web,"John Smith","john.smith@example.com",US,"JD-099001","JOOLA Hyperion Original",JOOLA_DIRECT,true,"Replacement paddle has the same defect",PROCESSING,"","",intake,rules
WC-10239,2026-05-14T09:56:55Z,2026-05-14T09:58:59Z,124,CLOSED,email,"David Park","david.park@example.com",US,"JD-100054","JOOLA Infinity Apparel Tee",JOOLA_DIRECT,true,"Paddle face cracked along the edge",ELIGIBLE_FOR_DAMAGE_REVIEW,"DEFECT_REPORTED_WITH_PHOTOS","§2.8 Step 2",response,closed
WC-10061,2026-05-14T09:16:32Z,2026-05-14T09:22:45Z,373,CLOSED,voice,"Imani Foster","imani.foster@example.com",US,"JD-100022","JOOLA Ben Johns Eyewear",JOOLA_DIRECT,true,"Carbon face has visible fiber lifting",NOT_ELIGIBLE,"UNAUTHORIZED_SELLER","§1.7, §2.3",rules,closed
WC-10024,2026-05-14T08:07:34Z,2026-05-14T08:26:19Z,1125,CLOSED,email,"Charlotte Roy","charlotte.roy@example.ca",CA,"JD-100027","JOOLA Prime 40+ Balls (6)",JOOLA_DIRECT,true,"Replacement paddle has the same defect",ELIGIBLE_FOR_DAMAGE_REVIEW,"DAMAGED_ON_ARRIVAL","§3.9, §1.3",response,closed
WC-10257,2026-05-13T18:16:31Z,2026-05-13T18:27:12Z,641,CLOSED,web,"Mike Brown","mike.brown@example.com",US,"AR-200001","JOOLA Perseus 3 16mm",AUTHORIZED_RETAILER,true,"Carbon face has visible fiber lifting",ELIGIBLE_FOR_DAMAGE_REVIEW,"DAMAGED_ON_ARRIVAL","§3.9, §1.3",response,closed
WC-10131,2026-05-13T17:31:14Z,2026-05-13T17:42:56Z,702,CLOSED,email,"Chris Wilson","chris.wilson@example.com",US,"JD-100052","JOOLA Spirit Carbon Blade",JOOLA_DIRECT,true,"Eyewear lens has internal scratch",HUMAN_REVIEW_REQUIRED,"AMBIGUOUS_DAMAGE","§2.3, §5.2",esc,closed
WC-10080,2026-05-13T17:23:54Z,2026-05-13T17:24:35Z,41,CLOSED,voice,"Trevor Nguyen","trevor.nguyen@example.com",US,"AR-200005","JOOLA Scorpeus 4 14mm",AUTHORIZED_RETAILER,true,"Core sounds dead, very dampened response",NOT_ELIGIBLE,"NON_ORIGINAL_PURCHASER","§4.4, §2.1",rules,closed
WC-10010,2026-05-13T17:07:51Z,2026-05-13T18:07:51Z,3600,CLOSED,voice,"Nadia Costa","nadia.costa@example.com",US,"JD-100020","JOOLA Primo Pickleballs (12)",JOOLA_DIRECT,true,"I want to cancel order JD-100020 — I placed it by mistake an hour ago",NOT_ELIGIBLE,"CANCELLATION_NOT_PERMITTED","§1.5, §4.10",rules,closed
WC-10075,2026-05-13T16:57:02Z,2026-05-13T17:08:26Z,684,CLOSED,web,"Jamal Wright","jamal.wright@example.com",US,"JD-100011","JOOLA Vision CGS 16mm",JOOLA_DIRECT,true,"NFC chip not reading in the app",ELIGIBLE_FOR_DAMAGE_REVIEW,"NFC_REGISTERED_WITHIN_WINDOW","§2.5, §2.4",response,closed
WC-10169,2026-05-13T14:09:25Z,2026-05-13T14:18:32Z,547,CLOSED,web,"Sarah Lee","sarah.lee@example.com",US,"JD-100048","JOOLA Primo Pickleballs (12)",JOOLA_DIRECT,true,"Replacement paddle has the same defect",HUMAN_REVIEW_REQUIRED,"AMBIGUOUS_DAMAGE","§2.3, §5.2",esc,closed
WC-10088,2026-05-13T12:23:51Z,2026-05-13T12:53:38Z,1787,CLOSED,email,"Carlos Vega","carlos.vega@example.com",PR,"JD-100029","JOOLA Infinity Apparel Tee",JOOLA_DIRECT,true,"Eyewear hinge snapped on first use",NOT_ELIGIBLE,"CANCELLATION_NOT_PERMITTED","§1.5, §4.10",rules,closed
WC-10204,2026-05-13T11:43:21Z,2026-05-13T11:48:54Z,333,CLOSED,email,"Ethan Hughes","ethan.hughes@example.com",US,"EB-300003","JOOLA Scorpeus 4 16mm",EBAY,false,"Throat area has spider-web cracks",ELIGIBLE_FOR_DAMAGE_REVIEW,"NFC_REGISTERED_WITHIN_WINDOW","§2.5, §2.4",response,closed
WC-10137,2026-05-13T11:17:32Z,2026-05-13T11:21:18Z,226,CLOSED,email,"Charlotte Roy","charlotte.roy@example.ca",CA,"JD-100027","JOOLA Prime 40+ Balls (6)",JOOLA_DIRECT,true,"Receipt was uploaded but never approved",NOT_ELIGIBLE,"OUTSIDE_WARRANTY_REGION","§2.1, §4.13",rules,closed
WC-10031,2026-05-13T11:13:47Z,2026-05-13T11:25:17Z,690,CLOSED,email,"Hannah Cole","hannah.cole@example.com",US,"AR-200056","JOOLA Indoor Tournament Table 3000",AUTHORIZED_RETAILER,true,"Surface delaminating around the perimeter",ELIGIBLE_FOR_DAMAGE_REVIEW,"AUTHORIZED_PURCHASE_IN_WARRANTY","§2.2, §2.4",response,closed
WC-10251,2026-05-13T10:38:35Z,2026-05-13T10:43:45Z,310,CLOSED,web,"Grace Liu","grace.liu@example.com",US,"JD-100024","JOOLA Indoor Tournament Table 3000",JOOLA_DIRECT,true,"Eyewear hinge snapped on first use",ELIGIBLE_FOR_DAMAGE_REVIEW,"DAMAGED_ON_ARRIVAL","§3.9, §1.3",response,closed
WC-10279,2026-05-13T10:37:40Z,2026-05-13T11:04:56Z,1636,CLOSED,voice,"Aisha Khan","aisha.khan@example.com",US,"JD-100017","JOOLA Solaire Paddle",JOOLA_DIRECT,true,"Paddle bag handle stitching came apart",NOT_ELIGIBLE,"CANCELLATION_NOT_PERMITTED","§1.5, §4.10",rules,closed
WC-10058,2026-05-13T08:46:18Z,,,REOPENED,email,"Ethan Hughes","ethan.hughes@example.com",US,"JD-100023","iPong Carbon Fiber Robot",JOOLA_DIRECT,true,"Ball logo prints are flaking off",ELIGIBLE_FOR_DAMAGE_REVIEW,"AUTHORIZED_PURCHASE_IN_WARRANTY","§2.2, §2.4",response,rules
WC-10094,2026-05-13T08:21:32Z,2026-05-13T08:24:56Z,204,CLOSED,email,"Nadia Costa","nadia.costa@example.com",US,"FB-400001","JOOLA Magnus 3 16mm",FACEBOOK_MARKETPLACE,false,"Paddle face cracked along the edge",HUMAN_REVIEW_REQUIRED,"TABLE_SIGNED_DAMAGED","§4.11, §2.7, §5.2",esc,closed
WC-10085,2026-05-12T20:12:27Z,2026-05-12T20:22:29Z,602,CLOSED,email,"Ravi Kumar","ravi.kumar@example.in",IN,"","",,false,"Paddle bag handle stitching came apart",HUMAN_REVIEW_REQUIRED,"TABLE_SIGNED_DAMAGED","§4.11, §2.7, §5.2",esc,closed
WC-10125,2026-05-12T19:40:56Z,2026-05-12T19:52:20Z,684,CLOSED,voice,"Mike Brown","mike.brown@example.com",US,"AR-200001","JOOLA Perseus 3 16mm",AUTHORIZED_RETAILER,true,"Core sounds dead, very dampened response",ELIGIBLE_FOR_DAMAGE_REVIEW,"AUTHORIZED_PURCHASE_IN_WARRANTY","§2.2, §2.4",response,closed
WC-10036,2026-05-12T18:55:49Z,2026-05-12T19:05:28Z,579,CLOSED,voice,"Nadia Costa","nadia.costa@example.com",US,"JD-100020","JOOLA Primo Pickleballs (12)",JOOLA_DIRECT,true,"Paddle sounds different after one session",ELIGIBLE_FOR_DAMAGE_REVIEW,"NFC_REGISTERED_WITHIN_WINDOW","§2.5, §2.4",response,closed
WC-10009,2026-05-12T17:07:51Z,2026-05-12T19:07:51Z,7200,CLOSED,email,"Lauren Chen","lauren.chen@example.com",US,"JD-100009","JOOLA Scorpeus 4 14mm",JOOLA_DIRECT,true,"Ordered the Scorpeus 4 but received a Magnus 3 — please send the correct paddle",ELIGIBLE_FOR_DAMAGE_REVIEW,"WRONG_ITEM_JOOLA_ERROR","§4.9, §1.3",response,closed
WC-10146,2026-05-12T16:28:39Z,2026-05-12T16:32:51Z,252,CLOSED,email,"Oliver Bennett","oliver.bennett@example.co.uk",GB,"JD-100041","JOOLA Hyperion CFS 16mm",JOOLA_DIRECT,true,"Bag zipper broke within a month",NOT_ELIGIBLE,"CANCELLATION_NOT_PERMITTED","§1.5, §4.10",rules,closed
WC-10269,2026-05-12T15:41:38Z,2026-05-12T15:51:43Z,605,CLOSED,email,"Lena Schmidt","lena.schmidt@example.de",DE,"JD-100042","JOOLA Scorpeus 4 14mm",JOOLA_DIRECT,true,"Order arrived but paddle was damaged in box",ELIGIBLE_FOR_DAMAGE_REVIEW,"DEFECT_REPORTED_WITH_PHOTOS","§2.8 Step 2",response,closed
WC-10025,2026-05-12T13:37:13Z,2026-05-12T13:48:11Z,658,CLOSED,email,"Jordan West","jordan.west@example.com",US,"JD-100021","JOOLA Tour Elite Bag",JOOLA_DIRECT,true,"Carbon face has visible fiber lifting",ELIGIBLE_FOR_DAMAGE_REVIEW,"NFC_REGISTERED_WITHIN_WINDOW","§2.5, §2.4",response,closed
WC-10258,2026-05-12T13:34:34Z,2026-05-12T13:45:48Z,674,CLOSED,email,"Ethan Hughes","ethan.hughes@example.com",US,"JD-100023","iPong Carbon Fiber Robot",JOOLA_DIRECT,true,"Paddle face has bubbling under the surface",ELIGIBLE_FOR_DAMAGE_REVIEW,"DAMAGED_ON_ARRIVAL","§3.9, §1.3",response,closed
WC-10247,2026-05-12T12:15:05Z,2026-05-12T12:26:42Z,697,CLOSED,web,"Hannah Cole","hannah.cole@example.com",US,"JD-099003","JOOLA Scorpeus Original",JOOLA_DIRECT,true,"Ball logo prints are flaking off",ELIGIBLE_FOR_DAMAGE_REVIEW,"DAMAGED_ON_ARRIVAL","§3.9, §1.3",response,closed
WC-10248,2026-05-12T10:50:33Z,2026-05-12T10:59:14Z,521,CLOSED,email,"John Smith","john.smith@example.com",US,"","",,false,"Receipt was uploaded but never approved",ELIGIBLE_FOR_DAMAGE_REVIEW,"DEFECT_REPORTED_WITH_PHOTOS","§2.8 Step 2",response,closed
WC-10021,2026-05-12T10:27:00Z,,,OPEN,voice,"Liam Tremblay","liam.tremblay@example.ca",CA,"JD-100026","JOOLA Rhyzm 425 Rubber",JOOLA_DIRECT,true,"Throat area has spider-web cracks",PROCESSING,"","",intake,draft
WC-10201,2026-05-12T09:53:13Z,2026-05-12T09:59:43Z,390,CLOSED,web,"Imani Foster","imani.foster@example.com",US,"JD-100022","JOOLA Ben Johns Eyewear",JOOLA_DIRECT,true,"Eyewear hinge snapped on first use",ELIGIBLE_FOR_DAMAGE_REVIEW,"NFC_REGISTERED_WITHIN_WINDOW","§2.5, §2.4",response,closed
WC-10064,2026-05-12T09:44:33Z,2026-05-12T09:48:11Z,218,CLOSED,voice,"Jordan West","jordan.west@example.com",US,"JD-100021","JOOLA Tour Elite Bag",JOOLA_DIRECT,true,"Receipt was uploaded but never approved",ELIGIBLE_FOR_DAMAGE_REVIEW,"NFC_REGISTERED_WITHIN_WINDOW","§2.5, §2.4",response,closed
WC-10049,2026-05-12T09:03:19Z,2026-05-12T09:14:53Z,694,CLOSED,web,"Charlotte Roy","charlotte.roy@example.ca",CA,"JD-100027","JOOLA Prime 40+ Balls (6)",JOOLA_DIRECT,true,"Core sounds dead, very dampened response",ELIGIBLE_FOR_DAMAGE_REVIEW,"DAMAGED_ON_ARRIVAL","§3.9, §1.3",response,closed
WC-10179,2026-05-11T19:15:11Z,2026-05-11T19:23:07Z,476,CLOSED,voice,"Imani Foster","imani.foster@example.com",US,"JD-100022","JOOLA Ben Johns Eyewear",JOOLA_DIRECT,true,"Question about warranty registration window",ELIGIBLE_FOR_DAMAGE_REVIEW,"AUTHORIZED_PURCHASE_IN_WARRANTY","§2.2, §2.4",response,closed
WC-10219,2026-05-11T17:56:31Z,2026-05-11T18:01:47Z,316,CLOSED,email,"Liam Tremblay","liam.tremblay@example.ca",CA,"JD-100026","JOOLA Rhyzm 425 Rubber",JOOLA_DIRECT,true,"Handle grip is peeling off",ELIGIBLE_FOR_DAMAGE_REVIEW,"DAMAGED_ON_ARRIVAL","§3.9, §1.3",response,closed
WC-10008,2026-05-11T17:07:51Z,2026-05-11T18:07:51Z,3600,CLOSED,voice,"Alex Green","alex.green@example.com",US,"EB-300001","JOOLA Hyperion CFS 16mm",EBAY,false,"My Hyperion broke and I want a replacement — bought it on eBay",NOT_ELIGIBLE,"UNAUTHORIZED_SELLER","§1.7, §2.3, §4.8",rules,closed
WC-10182,2026-05-11T12:42:54Z,2026-05-11T12:44:08Z,74,CLOSED,web,"David Park","david.park@example.com",US,"JD-100054","JOOLA Infinity Apparel Tee",JOOLA_DIRECT,true,"Dead spot on the face — sounds hollow",NOT_ELIGIBLE,"CANCELLATION_NOT_PERMITTED","§1.5, §4.10",rules,closed
WC-10199,2026-05-11T12:25:49Z,2026-05-11T12:37:34Z,705,CLOSED,voice,"Maria Garcia","maria.garcia@example.com",US,"JD-100007","JOOLA Agassi Pro IV",JOOLA_DIRECT,true,"NFC chip not reading in the app",ELIGIBLE_FOR_DAMAGE_REVIEW,"DEFECT_REPORTED_WITH_PHOTOS","§2.8 Step 2",response,closed
WC-10262,2026-05-11T11:02:42Z,2026-05-11T11:05:52Z,190,CLOSED,email,"Imani Foster","imani.foster@example.com",US,"","",,false,"Hairline crack near throat area",NOT_ELIGIBLE,"NON_ORIGINAL_PURCHASER","§4.4, §2.1",rules,closed
WC-10187,2026-05-11T09:01:45Z,2026-05-11T09:09:44Z,479,CLOSED,web,"Lena Schmidt","lena.schmidt@example.de",DE,"JD-100042","JOOLA Scorpeus 4 14mm",JOOLA_DIRECT,true,"Edge guard came loose during play",ELIGIBLE_FOR_DAMAGE_REVIEW,"DAMAGED_ON_ARRIVAL","§3.9, §1.3",response,closed
WC-10082,2026-05-10T20:12:59Z,2026-05-10T20:20:22Z,443,CLOSED,voice,"Oliver Bennett","oliver.bennett@example.co.uk",GB,"","",,false,"Handle grip is peeling off",NOT_ELIGIBLE,"NON_ORIGINAL_PURCHASER","§4.4, §2.1",rules,closed
WC-10007,2026-05-10T17:07:51Z,2026-05-10T19:07:51Z,7200,CLOSED,email,"Liam Tremblay","liam.tremblay@example.ca",CA,"JD-100026","JOOLA Rhyzm 425 Rubber",JOOLA_DIRECT,true,"I opened this Rhyzm rubber and the surface is bubbling — I want a refund",ELIGIBLE_FOR_DAMAGE_REVIEW,"DEFECT_OPENED_RUBBER","§4.7, §1.2, §2.4",response,closed
WC-10124,2026-05-10T16:44:27Z,2026-05-10T16:52:33Z,486,CLOSED,web,"Lauren Chen","lauren.chen@example.com",US,"JD-100055","JOOLA Tour Elite Bag",JOOLA_DIRECT,true,"Order arrived but paddle was damaged in box",WARRANTY_EXPIRED,"WARRANTY_PERIOD_EXPIRED","§2.4",rules,closed
WC-10186,2026-05-10T16:18:50Z,2026-05-10T16:30:19Z,689,CLOSED,voice,"Hannah Bauer","hannah.bauer@example.com.au",AU,"JD-100043","JOOLA Vision CGS 16mm",JOOLA_DIRECT,true,"Paddle face has bubbling under the surface",ELIGIBLE_FOR_DAMAGE_REVIEW,"AUTHORIZED_PURCHASE_IN_WARRANTY","§2.2, §2.4",response,closed
WC-10127,2026-05-10T15:24:08Z,2026-05-10T15:29:21Z,313,CLOSED,email,"Jamal Wright","jamal.wright@example.com",US,"JD-100011","JOOLA Vision CGS 16mm",JOOLA_DIRECT,true,"Paddle bag handle stitching came apart",NOT_ELIGIBLE,"CANCELLATION_NOT_PERMITTED","§1.5, §4.10",rules,closed
WC-10193,2026-05-10T14:27:44Z,2026-05-10T14:31:47Z,243,CLOSED,email,"Nadia Costa","nadia.costa@example.com",US,"JD-100020","JOOLA Primo Pickleballs (12)",JOOLA_DIRECT,true,"Carbon face has visible fiber lifting",ELIGIBLE_FOR_DAMAGE_REVIEW,"AUTHORIZED_PURCHASE_IN_WARRANTY","§2.2, §2.4",response,closed
WC-10231,2026-05-10T14:08:37Z,2026-05-10T14:13:19Z,282,CLOSED,voice,"Hannah Bauer","hannah.bauer@example.com.au",AU,"JD-100043","JOOLA Vision CGS 16mm",JOOLA_DIRECT,true,"Hairline crack near throat area",ELIGIBLE_FOR_DAMAGE_REVIEW,"DEFECT_REPORTED_WITH_PHOTOS","§2.8 Step 2",response,closed
WC-10066,2026-05-10T13:52:22Z,,,REOPENED,email,"Ethan Hughes","ethan.hughes@example.com",US,"EB-300003","JOOLA Scorpeus 4 16mm",EBAY,false,"Carbon face has visible fiber lifting",ELIGIBLE_FOR_DAMAGE_REVIEW,"DAMAGED_ON_ARRIVAL","§3.9, §1.3",response,rules
WC-10099,2026-05-10T13:52:04Z,2026-05-10T14:00:58Z,534,CLOSED,voice,"Lena Schmidt","lena.schmidt@example.de",DE,"JD-100042","JOOLA Scorpeus 4 14mm",JOOLA_DIRECT,true,"Eyewear hinge snapped on first use",ELIGIBLE_FOR_DAMAGE_REVIEW,"NFC_REGISTERED_WITHIN_WINDOW","§2.5, §2.4",response,closed
WC-10047,2026-05-10T11:48:55Z,2026-05-10T11:54:39Z,344,CLOSED,email,"Mateo Gagnon","mateo.gagnon@example.ca",CA,"JD-100028","JOOLA Spirit Carbon Blade",JOOLA_DIRECT,true,"Eyewear lens has internal scratch",ELIGIBLE_FOR_DAMAGE_REVIEW,"DAMAGED_ON_ARRIVAL","§3.9, §1.3",response,closed
WC-10041,2026-05-10T09:00:15Z,2026-05-10T09:03:36Z,201,CLOSED,email,"Alex Green","alex.green@example.com",US,"EB-300001","JOOLA Hyperion CFS 16mm",EBAY,false,"Replacement paddle has the same defect",ELIGIBLE_FOR_DAMAGE_REVIEW,"AUTHORIZED_PURCHASE_IN_WARRANTY","§2.2, §2.4",response,closed
WC-10210,2026-05-09T19:01:23Z,2026-05-09T19:08:17Z,414,CLOSED,web,"Tomás Rivera","tomas.rivera@example.com",US,"FB-400002","JOOLA Vision CGS 14mm",FACEBOOK_MARKETPLACE,false,"NFC chip not reading in the app",ELIGIBLE_FOR_DAMAGE_REVIEW,"DEFECT_REPORTED_WITH_PHOTOS","§2.8 Step 2",response,closed
WC-10211,2026-05-09T17:32:50Z,2026-05-09T17:37:50Z,300,CLOSED,email,"Lauren Chen","lauren.chen@example.com",US,"JD-100055","JOOLA Tour Elite Bag",JOOLA_DIRECT,true,"Edge guard came loose during play",ELIGIBLE_FOR_DAMAGE_REVIEW,"NFC_REGISTERED_WITHIN_WINDOW","§2.5, §2.4",response,closed
WC-10013,2026-05-09T17:07:51Z,2026-05-09T19:07:51Z,7200,CLOSED,email,"Ravi Kumar","ravi.kumar@example.in",IN,"JD-100040","JOOLA Perseus 3 16mm",JOOLA_DIRECT,true,"I am in India — my Perseus paddle has a delamination defect, requesting warranty replacement",NOT_ELIGIBLE,"OUTSIDE_WARRANTY_REGION","§2.1, §4.13",rules,closed
WC-10089,2026-05-09T15:46:21Z,2026-05-09T15:49:32Z,191,CLOSED,email,"Ethan Hughes","ethan.hughes@example.com",US,"JD-100023","iPong Carbon Fiber Robot",JOOLA_DIRECT,true,"Handle grip is peeling off",ELIGIBLE_FOR_DAMAGE_REVIEW,"NFC_REGISTERED_WITHIN_WINDOW","§2.5, §2.4",response,closed
WC-10194,2026-05-09T14:03:35Z,2026-05-09T14:06:15Z,160,CLOSED,email,"Trevor Nguyen","trevor.nguyen@example.com",US,"JD-100019","JOOLA Pro Net Set",JOOLA_DIRECT,true,"Net height adjustment slipping during play",ELIGIBLE_FOR_DAMAGE_REVIEW,"AUTHORIZED_PURCHASE_IN_WARRANTY","§2.2, §2.4",response,closed
WC-10164,2026-05-09T12:32:45Z,,,REOPENED,voice,"Sarah Lee","sarah.lee@example.com",US,"JD-100048","JOOLA Primo Pickleballs (12)",JOOLA_DIRECT,true,"Carbon face has visible fiber lifting",NOT_ELIGIBLE,"NON_ORIGINAL_PURCHASER","§4.4, §2.1",rules,rules
WC-10108,2026-05-09T11:45:12Z,2026-05-09T11:51:12Z,360,CLOSED,voice,"Sarah Lee","sarah.lee@example.com",US,"JD-100048","JOOLA Primo Pickleballs (12)",JOOLA_DIRECT,true,"Core sounds dead, very dampened response",HUMAN_REVIEW_REQUIRED,"AMBIGUOUS_DAMAGE","§2.3, §5.2",esc,closed
WC-10029,2026-05-09T08:40:55Z,2026-05-09T08:46:39Z,344,CLOSED,email,"Mike Brown","mike.brown@example.com",US,"JD-100049","JOOLA Ben Johns Eyewear",JOOLA_DIRECT,true,"Paddle warped after one week of play",ELIGIBLE_FOR_DAMAGE_REVIEW,"AUTHORIZED_PURCHASE_IN_WARRANTY","§2.2, §2.4",response,closed
WC-10051,2026-05-08T19:16:40Z,,,OPEN,voice,"Ben Carter","ben.carter@example.com",US,"JD-100016","JOOLA Journey Paddle",JOOLA_DIRECT,true,"Core sounds dead, very dampened response",PROCESSING,"","",intake,intake
WC-10038,2026-05-08T19:12:07Z,2026-05-08T19:19:31Z,444,CLOSED,email,"Ravi Kumar","ravi.kumar@example.in",IN,"JD-100040","JOOLA Perseus 3 16mm",JOOLA_DIRECT,true,"Ball logo prints are flaking off",ELIGIBLE_FOR_DAMAGE_REVIEW,"DEFECT_REPORTED_WITH_PHOTOS","§2.8 Step 2",response,closed
WC-10232,2026-05-08T17:43:49Z,2026-05-08T17:50:06Z,377,CLOSED,web,"Liam Tremblay","liam.tremblay@example.ca",CA,"JD-100026","JOOLA Rhyzm 425 Rubber",JOOLA_DIRECT,true,"Paddle sounds different after one session",ELIGIBLE_FOR_DAMAGE_REVIEW,"DAMAGED_ON_ARRIVAL","§3.9, §1.3",response,closed
WC-10006,2026-05-08T17:07:51Z,2026-05-08T19:07:51Z,7200,CLOSED,email,"David Park","david.park@example.com",US,"JD-100008","JOOLA Hyperion CAS 16mm",JOOLA_DIRECT,true,"Paddle arrived defective — please refund my $14.95 shipping charge as well",ELIGIBLE_FOR_DAMAGE_REVIEW,"SHIPPING_REFUND_JOOLA_DEFECT","§4.6, §1.3",response,closed
WC-10121,2026-05-08T16:07:31Z,2026-05-08T16:18:35Z,664,CLOSED,email,"Ben Carter","ben.carter@example.com",US,"JD-100016","JOOLA Journey Paddle",JOOLA_DIRECT,true,"Carbon face has visible fiber lifting",ELIGIBLE_FOR_DAMAGE_REVIEW,"AUTHORIZED_PURCHASE_IN_WARRANTY","§2.2, §2.4",response,closed
WC-10122,2026-05-08T15:58:09Z,2026-05-08T16:08:25Z,616,CLOSED,web,"Olivia Reed","olivia.reed@example.com",US,"JD-100013","JOOLA Perseus 3 14mm",JOOLA_DIRECT,true,"Paddle warped after one week of play",NOT_ELIGIBLE,"UNAUTHORIZED_SELLER","§1.7, §2.3",rules,closed
WC-10280,2026-05-08T14:49:51Z,2026-05-08T14:54:09Z,258,CLOSED,voice,"Jamal Wright","jamal.wright@example.com",US,"JD-100057","JOOLA Perseus 3 16mm",JOOLA_DIRECT,true,"Grip wrap unraveling after light use",WARRANTY_EXPIRED,"WARRANTY_PERIOD_EXPIRED","§2.4",rules,closed
WC-10244,2026-05-08T14:36:52Z,2026-05-08T14:42:40Z,348,CLOSED,web,"Sofia Martinez","sofia.martinez@example.com",US,"","",,false,"Question about warranty registration window",ELIGIBLE_FOR_DAMAGE_REVIEW,"DEFECT_REPORTED_WITH_PHOTOS","§2.8 Step 2",response,closed
WC-10055,2026-05-08T13:14:29Z,2026-05-08T13:17:22Z,173,CLOSED,voice,"Jordan West","jordan.west@example.com",US,"JD-100021","JOOLA Tour Elite Bag",JOOLA_DIRECT,true,"Dead spot on the face — sounds hollow",ELIGIBLE_FOR_DAMAGE_REVIEW,"DEFECT_REPORTED_WITH_PHOTOS","§2.8 Step 2",response,closed
WC-10081,2026-05-08T11:30:45Z,2026-05-08T11:31:55Z,70,CLOSED,voice,"Jordan West","jordan.west@example.com",US,"","",,false,"Replacement paddle has the same defect",ELIGIBLE_FOR_DAMAGE_REVIEW,"DEFECT_REPORTED_WITH_PHOTOS","§2.8 Step 2",response,closed
WC-10149,2026-05-08T10:02:52Z,2026-05-08T10:08:44Z,352,CLOSED,voice,"Olivia Reed","olivia.reed@example.com",US,"JD-100013","JOOLA Perseus 3 14mm",JOOLA_DIRECT,true,"Eyewear lens has internal scratch",HUMAN_REVIEW_REQUIRED,"AMBIGUOUS_DAMAGE","§2.3, §5.2",esc,closed
WC-10050,2026-05-08T08:31:33Z,2026-05-08T08:40:00Z,507,CLOSED,email,"Ethan Hughes","ethan.hughes@example.com",US,"JD-100023","iPong Carbon Fiber Robot",JOOLA_DIRECT,true,"Replacement paddle has the same defect",ELIGIBLE_FOR_DAMAGE_REVIEW,"DEFECT_REPORTED_WITH_PHOTOS","§2.8 Step 2",response,closed
WC-10221,2026-05-07T20:35:08Z,2026-05-07T20:46:30Z,682,CLOSED,email,"Alex Green","alex.green@example.com",US,"","",,false,"Core sounds dead, very dampened response",ELIGIBLE_FOR_DAMAGE_REVIEW,"DEFECT_REPORTED_WITH_PHOTOS","§2.8 Step 2",response,closed
WC-10063,2026-05-07T19:20:32Z,2026-05-07T19:21:21Z,49,CLOSED,voice,"Sofia Martinez","sofia.martinez@example.com",US,"","",,false,"NFC chip not reading in the app",WARRANTY_EXPIRED,"WARRANTY_PERIOD_EXPIRED","§2.4",rules,closed
WC-10098,2026-05-07T17:24:28Z,2026-05-07T17:28:59Z,271,CLOSED,web,"Lena Schmidt","lena.schmidt@example.de",DE,"JD-100042","JOOLA Scorpeus 4 14mm",JOOLA_DIRECT,true,"Net pole bent during normal assembly",ELIGIBLE_FOR_DAMAGE_REVIEW,"DAMAGED_ON_ARRIVAL","§3.9, §1.3",response,closed
WC-10152,2026-05-07T17:00:44Z,2026-05-07T17:02:18Z,94,CLOSED,email,"Carlos Vega","carlos.vega@example.com",PR,"JD-100029","JOOLA Infinity Apparel Tee",JOOLA_DIRECT,true,"NFC chip not reading in the app",ELIGIBLE_FOR_DAMAGE_REVIEW,"DAMAGED_ON_ARRIVAL","§3.9, §1.3",response,closed
WC-10078,2026-05-07T16:30:45Z,2026-05-07T16:37:42Z,417,CLOSED,voice,"Chris Wilson","chris.wilson@example.com",US,"JD-100052","JOOLA Spirit Carbon Blade",JOOLA_DIRECT,true,"Hairline crack near throat area",ELIGIBLE_FOR_DAMAGE_REVIEW,"NFC_REGISTERED_WITHIN_WINDOW","§2.5, §2.4",response,closed
WC-10216,2026-05-07T16:27:58Z,2026-05-07T16:34:29Z,391,CLOSED,email,"Oliver Bennett","oliver.bennett@example.co.uk",GB,"JD-100041","JOOLA Hyperion CFS 16mm",JOOLA_DIRECT,true,"Core sounds dead, very dampened response",ELIGIBLE_FOR_DAMAGE_REVIEW,"DEFECT_REPORTED_WITH_PHOTOS","§2.8 Step 2",response,closed
WC-10185,2026-05-07T15:33:45Z,2026-05-07T15:43:57Z,612,CLOSED,email,"Ethan Hughes","ethan.hughes@example.com",US,"JD-100023","iPong Carbon Fiber Robot",JOOLA_DIRECT,true,"Carbon face has visible fiber lifting",ELIGIBLE_FOR_DAMAGE_REVIEW,"DAMAGED_ON_ARRIVAL","§3.9, §1.3",response,closed
WC-10067,2026-05-07T14:04:29Z,2026-05-07T14:05:46Z,77,CLOSED,voice,"Ethan Hughes","ethan.hughes@example.com",US,"EB-300003","JOOLA Scorpeus 4 16mm",EBAY,false,"Net height adjustment slipping during play",ELIGIBLE_FOR_DAMAGE_REVIEW,"AUTHORIZED_PURCHASE_IN_WARRANTY","§2.2, §2.4",response,closed
WC-10113,2026-05-07T12:25:44Z,2026-05-07T12:28:22Z,158,CLOSED,email,"Liam Tremblay","liam.tremblay@example.ca",CA,"JD-100026","JOOLA Rhyzm 425 Rubber",JOOLA_DIRECT,true,"Eyewear lens has internal scratch",NOT_ELIGIBLE,"OUTSIDE_WARRANTY_REGION","§2.1, §4.13",rules,closed
WC-10068,2026-05-07T11:34:04Z,2026-05-07T11:38:16Z,252,CLOSED,email,"Sarah Lee","sarah.lee@example.com",US,"JD-100048","JOOLA Primo Pickleballs (12)",JOOLA_DIRECT,true,"Surface delaminating around the perimeter",NOT_ELIGIBLE,"CANCELLATION_NOT_PERMITTED","§1.5, §4.10",rules,closed
WC-10044,2026-05-06T19:55:24Z,2026-05-06T19:58:16Z,172,CLOSED,voice,"Marcus Hall","marcus.hall@example.com",US,"JD-100018","JOOLA Essentials Paddle",JOOLA_DIRECT,true,"Eyewear hinge snapped on first use",ELIGIBLE_FOR_DAMAGE_REVIEW,"NFC_REGISTERED_WITHIN_WINDOW","§2.5, §2.4",response,closed
WC-10005,2026-05-06T17:07:51Z,2026-05-06T19:07:51Z,7200,CLOSED,web,"Emily White","emily.white@example.com",US,"JD-100005","JOOLA Perseus 3 16mm",JOOLA_DIRECT,true,"My NFC registration was rejected because I registered 28 days after purchase — paddle now has a dead spot",ELIGIBLE_FOR_DAMAGE_REVIEW,"NFC_LATE_STANDARD_WARRANTY_APPLIES","§4.5, §2.5",response,closed
WC-10073,2026-05-06T14:54:49Z,2026-05-06T15:00:23Z,334,CLOSED,voice,"Aisha Khan","aisha.khan@example.com",US,"JD-100017","JOOLA Solaire Paddle",JOOLA_DIRECT,true,"Receipt was uploaded but never approved",ELIGIBLE_FOR_DAMAGE_REVIEW,"DEFECT_REPORTED_WITH_PHOTOS","§2.8 Step 2",response,closed
WC-10184,2026-05-06T14:30:25Z,2026-05-06T14:35:45Z,320,CLOSED,email,"Jamal Wright","jamal.wright@example.com",US,"JD-100057","JOOLA Perseus 3 16mm",JOOLA_DIRECT,true,"Carbon face has visible fiber lifting",ELIGIBLE_FOR_DAMAGE_REVIEW,"NFC_REGISTERED_WITHIN_WINDOW","§2.5, §2.4",response,closed
WC-10188,2026-05-06T12:01:05Z,2026-05-06T12:27:31Z,1586,CLOSED,email,"Ben Carter","ben.carter@example.com",US,"JD-100016","JOOLA Journey Paddle",JOOLA_DIRECT,true,"Edge guard fully detached on the bottom",ELIGIBLE_FOR_DAMAGE_REVIEW,"DEFECT_REPORTED_WITH_PHOTOS","§2.8 Step 2",response,closed
WC-10136,2026-05-06T11:26:30Z,2026-05-06T11:35:28Z,538,CLOSED,email,"Emily White","emily.white@example.com",US,"JD-099002","JOOLA Perseus Original",JOOLA_DIRECT,true,"Dead spot on the face — sounds hollow",ELIGIBLE_FOR_DAMAGE_REVIEW,"DEFECT_REPORTED_WITH_PHOTOS","§2.8 Step 2",response,closed
WC-10093,2026-05-06T10:43:36Z,2026-05-06T10:47:29Z,233,CLOSED,voice,"David Park","david.park@example.com",US,"JD-100008","JOOLA Hyperion CAS 16mm",JOOLA_DIRECT,true,"Core sounds dead, very dampened response",ELIGIBLE_FOR_DAMAGE_REVIEW,"NFC_REGISTERED_WITHIN_WINDOW","§2.5, §2.4",response,closed
WC-10173,2026-05-06T08:59:18Z,2026-05-06T09:08:12Z,534,CLOSED,voice,"Sofia Martinez","sofia.martinez@example.com",US,"AR-200004","JOOLA Indoor Tournament Table 3000",AUTHORIZED_RETAILER,true,"Question about warranty registration window",ELIGIBLE_FOR_DAMAGE_REVIEW,"DEFECT_REPORTED_WITH_PHOTOS","§2.8 Step 2",response,closed
WC-10114,2026-05-05T19:04:29Z,2026-05-05T19:07:43Z,194,CLOSED,email,"Sarah Lee","sarah.lee@example.com",US,"JD-100002","JOOLA Hyperion CFS 16mm",JOOLA_DIRECT,true,"Paddle face has bubbling under the surface",WARRANTY_EXPIRED,"WARRANTY_PERIOD_EXPIRED","§2.4",rules,closed
WC-10102,2026-05-05T19:02:39Z,2026-05-05T19:11:55Z,556,CLOSED,email,"Emily White","emily.white@example.com",US,"JD-099002","JOOLA Perseus Original",JOOLA_DIRECT,true,"Paddle bag handle stitching came apart",HUMAN_REVIEW_REQUIRED,"TABLE_SIGNED_DAMAGED","§4.11, §2.7, §5.2",esc,closed
WC-10048,2026-05-05T18:24:22Z,2026-05-05T18:32:22Z,480,CLOSED,voice,"Daniel Kim","daniel.kim@example.com",US,"JD-100014","JOOLA Magnus 3 14mm",JOOLA_DIRECT,true,"Receipt was uploaded but never approved",WARRANTY_EXPIRED,"WARRANTY_PERIOD_EXPIRED","§2.4",rules,closed
WC-10012,2026-05-05T17:07:51Z,2026-05-05T18:07:51Z,3600,CLOSED,email,"Ben Carter","ben.carter@example.com",US,"JD-100016","JOOLA Journey Paddle",JOOLA_DIRECT,true,"I bought the Journey on clearance for $89 and now I see it at $79 — can I get a price adjustment?",NOT_ELIGIBLE,"NO_PRICE_MATCH_CLEARANCE","§1.8, §4.12",rules,closed
WC-10096,2026-05-05T14:57:21Z,2026-05-05T15:06:49Z,568,CLOSED,web,"Hannah Cole","hannah.cole@example.com",US,"JD-099003","JOOLA Scorpeus Original",JOOLA_DIRECT,true,"Paddle face has bubbling under the surface",ELIGIBLE_FOR_DAMAGE_REVIEW,"DEFECT_REPORTED_WITH_PHOTOS","§2.8 Step 2",response,closed
WC-10273,2026-05-05T12:20:48Z,2026-05-05T12:21:39Z,51,CLOSED,voice,"Trevor Nguyen","trevor.nguyen@example.com",US,"JD-100019","JOOLA Pro Net Set",JOOLA_DIRECT,true,"Net pole bent during normal assembly",ELIGIBLE_FOR_DAMAGE_REVIEW,"AUTHORIZED_PURCHASE_IN_WARRANTY","§2.2, §2.4",response,closed
WC-10100,2026-05-05T11:57:29Z,2026-05-05T12:02:27Z,298,CLOSED,voice,"Imani Foster","imani.foster@example.com",US,"JD-100022","JOOLA Ben Johns Eyewear",JOOLA_DIRECT,true,"NFC chip not reading in the app",ELIGIBLE_FOR_DAMAGE_REVIEW,"DAMAGED_ON_ARRIVAL","§3.9, §1.3",response,closed
WC-10255,2026-05-05T10:43:38Z,2026-05-05T10:54:06Z,628,CLOSED,voice,"Alex Green","alex.green@example.com",US,"JD-100050","JOOLA Pro Net Set",JOOLA_DIRECT,true,"Surface delaminating around the perimeter",ELIGIBLE_FOR_DAMAGE_REVIEW,"DEFECT_REPORTED_WITH_PHOTOS","§2.8 Step 2",response,closed
WC-10071,2026-05-05T08:56:14Z,2026-05-05T09:05:46Z,572,CLOSED,email,"Carlos Vega","carlos.vega@example.com",PR,"JD-100029","JOOLA Infinity Apparel Tee",JOOLA_DIRECT,true,"Paddle sounds different after one session",ELIGIBLE_FOR_DAMAGE_REVIEW,"AUTHORIZED_PURCHASE_IN_WARRANTY","§2.2, §2.4",response,closed
WC-10264,2026-05-04T20:05:40Z,,,REOPENED,web,"Jamal Wright","jamal.wright@example.com",US,"JD-100057","JOOLA Perseus 3 16mm",JOOLA_DIRECT,true,"NFC chip not reading in the app",NOT_ELIGIBLE,"UNAUTHORIZED_SELLER","§1.7, §2.3",rules,rules
WC-10057,2026-05-04T19:17:53Z,2026-05-04T19:21:54Z,241,CLOSED,email,"Sarah Lee","sarah.lee@example.com",US,"JD-100048","JOOLA Primo Pickleballs (12)",JOOLA_DIRECT,true,"Cosmetic chip near the corner",ELIGIBLE_FOR_DAMAGE_REVIEW,"NFC_REGISTERED_WITHIN_WINDOW","§2.5, §2.4",response,closed
WC-10276,2026-05-04T16:37:03Z,2026-05-04T16:40:45Z,222,CLOSED,voice,"Olivia Reed","olivia.reed@example.com",US,"JD-100013","JOOLA Perseus 3 14mm",JOOLA_DIRECT,true,"Order arrived but paddle was damaged in box",NOT_ELIGIBLE,"NON_ORIGINAL_PURCHASER","§4.4, §2.1",rules,closed
WC-10272,2026-05-04T15:23:15Z,2026-05-04T15:24:29Z,74,CLOSED,voice,"Lena Schmidt","lena.schmidt@example.de",DE,"JD-100042","JOOLA Scorpeus 4 14mm",JOOLA_DIRECT,true,"Hairline crack near throat area",HUMAN_REVIEW_REQUIRED,"TABLE_SIGNED_DAMAGED","§4.11, §2.7, §5.2",esc,closed
WC-10222,2026-05-04T11:23:45Z,2026-05-04T11:26:25Z,160,CLOSED,voice,"Liam Tremblay","liam.tremblay@example.ca",CA,"JD-100026","JOOLA Rhyzm 425 Rubber",JOOLA_DIRECT,true,"Core sounds dead, very dampened response",ELIGIBLE_FOR_DAMAGE_REVIEW,"DAMAGED_ON_ARRIVAL","§3.9, §1.3",response,closed
WC-10190,2026-05-03T20:22:33Z,2026-05-03T20:25:13Z,160,CLOSED,web,"Hannah Bauer","hannah.bauer@example.com.au",AU,"JD-100043","JOOLA Vision CGS 16mm",JOOLA_DIRECT,true,"Core sounds dead, very dampened response",ELIGIBLE_FOR_DAMAGE_REVIEW,"DEFECT_REPORTED_WITH_PHOTOS","§2.8 Step 2",response,closed
WC-10268,2026-05-03T19:18:56Z,2026-05-03T19:30:32Z,696,CLOSED,voice,"Mateo Gagnon","mateo.gagnon@example.ca",CA,"JD-100028","JOOLA Spirit Carbon Blade",JOOLA_DIRECT,true,"Bag zipper broke within a month",HUMAN_REVIEW_REQUIRED,"AMBIGUOUS_DAMAGE","§2.3, §5.2",esc,closed
WC-10004,2026-05-03T17:07:51Z,2026-05-03T18:07:51Z,3600,CLOSED,voice,"Aisha Khan","aisha.khan@example.com",US,"JD-100017","JOOLA Solaire Paddle",JOOLA_DIRECT,true,"My husband gave me this paddle as a birthday gift — handle is peeling. The order is in his name.",NOT_ELIGIBLE,"NON_ORIGINAL_PURCHASER","§4.4, §2.1",rules,closed
WC-10208,2026-05-03T10:23:52Z,2026-05-03T10:31:45Z,473,CLOSED,email,"Lena Schmidt","lena.schmidt@example.de",DE,"JD-100042","JOOLA Scorpeus 4 14mm",JOOLA_DIRECT,true,"Carbon face has visible fiber lifting",NOT_ELIGIBLE,"NORMAL_WEAR_AND_TEAR","§2.3",rules,closed
WC-10227,2026-05-03T10:09:43Z,2026-05-03T10:14:37Z,294,CLOSED,voice,"Lena Schmidt","lena.schmidt@example.de",DE,"JD-100042","JOOLA Scorpeus 4 14mm",JOOLA_DIRECT,true,"Edge guard fully detached on the bottom",ELIGIBLE_FOR_DAMAGE_REVIEW,"DAMAGED_ON_ARRIVAL","§3.9, §1.3",response,closed
WC-10209,2026-05-02T17:30:08Z,2026-05-02T17:40:15Z,607,CLOSED,email,"Tomás Rivera","tomas.rivera@example.com",US,"","",,false,"Eyewear lens has internal scratch",ELIGIBLE_FOR_DAMAGE_REVIEW,"DAMAGED_ON_ARRIVAL","§3.9, §1.3",response,closed
WC-10030,2026-05-02T16:50:08Z,2026-05-02T16:58:18Z,490,CLOSED,email,"Emily White","emily.white@example.com",US,"JD-100051","JOOLA Outdoor Pro Table",JOOLA_DIRECT,true,"Eyewear lens has internal scratch",ELIGIBLE_FOR_DAMAGE_REVIEW,"NFC_REGISTERED_WITHIN_WINDOW","§2.5, §2.4",response,closed
WC-10135,2026-05-02T08:20:50Z,2026-05-02T08:21:46Z,56,CLOSED,web,"Hannah Bauer","hannah.bauer@example.com.au",AU,"JD-100043","JOOLA Vision CGS 16mm",JOOLA_DIRECT,true,"Eyewear lens has internal scratch",ELIGIBLE_FOR_DAMAGE_REVIEW,"NFC_REGISTERED_WITHIN_WINDOW","§2.5, §2.4",response,closed
WC-10226,2026-05-01T19:30:51Z,2026-05-01T19:38:33Z,462,CLOSED,email,"Sarah Lee","sarah.lee@example.com",US,"JD-100048","JOOLA Primo Pickleballs (12)",JOOLA_DIRECT,true,"Carbon face has visible fiber lifting",ELIGIBLE_FOR_DAMAGE_REVIEW,"DEFECT_REPORTED_WITH_PHOTOS","§2.8 Step 2",response,closed
WC-10214,2026-05-01T18:18:02Z,2026-05-01T18:20:24Z,142,CLOSED,voice,"David Park","david.park@example.com",US,"JD-100008","JOOLA Hyperion CAS 16mm",JOOLA_DIRECT,true,"Order arrived but paddle was damaged in box",ELIGIBLE_FOR_DAMAGE_REVIEW,"AUTHORIZED_PURCHASE_IN_WARRANTY","§2.2, §2.4",response,closed
WC-10203,2026-05-01T18:13:52Z,2026-05-01T18:25:26Z,694,CLOSED,email,"Marcus Hall","marcus.hall@example.com",US,"JD-100018","JOOLA Essentials Paddle",JOOLA_DIRECT,true,"Paddle sounds different after one session",WARRANTY_EXPIRED,"WARRANTY_PERIOD_EXPIRED","§2.4",rules,closed
WC-10074,2026-05-01T16:32:43Z,2026-05-01T16:42:33Z,590,CLOSED,web,"John Smith","john.smith@example.com",US,"JD-099001","JOOLA Hyperion Original",JOOLA_DIRECT,true,"Edge guard fully detached on the bottom",ELIGIBLE_FOR_DAMAGE_REVIEW,"NFC_REGISTERED_WITHIN_WINDOW","§2.5, §2.4",response,closed
WC-10128,2026-05-01T15:02:43Z,2026-05-01T15:11:28Z,525,CLOSED,voice,"Liam Tremblay","liam.tremblay@example.ca",CA,"JD-100026","JOOLA Rhyzm 425 Rubber",JOOLA_DIRECT,true,"Handle grip is peeling off",ELIGIBLE_FOR_DAMAGE_REVIEW,"DAMAGED_ON_ARRIVAL","§3.9, §1.3",response,closed
WC-10022,2026-05-01T11:15:05Z,2026-05-01T11:26:58Z,713,CLOSED,email,"Aisha Khan","aisha.khan@example.com",US,"JD-100017","JOOLA Solaire Paddle",JOOLA_DIRECT,true,"Edge guard fully detached on the bottom",NOT_ELIGIBLE,"OUTSIDE_WARRANTY_REGION","§2.1, §4.13",rules,closed
WC-10229,2026-05-01T11:06:48Z,2026-05-01T11:08:31Z,103,CLOSED,voice,"Daniel Kim","daniel.kim@example.com",US,"JD-100060","JOOLA Vision CGS 14mm",JOOLA_DIRECT,true,"Paddle bag handle stitching came apart",ELIGIBLE_FOR_DAMAGE_REVIEW,"NFC_REGISTERED_WITHIN_WINDOW","§2.5, §2.4",response,closed
WC-10042,2026-05-01T08:26:34Z,2026-05-01T08:44:07Z,1053,CLOSED,voice,"Emily White","emily.white@example.com",US,"JD-100051","JOOLA Outdoor Pro Table",JOOLA_DIRECT,true,"Question about warranty registration window",ELIGIBLE_FOR_DAMAGE_REVIEW,"DAMAGED_ON_ARRIVAL","§3.9, §1.3",response,closed
WC-10070,2026-04-30T20:30:10Z,2026-04-30T20:56:05Z,1555,CLOSED,voice,"Hannah Cole","hannah.cole@example.com",US,"JD-099003","JOOLA Scorpeus Original",JOOLA_DIRECT,true,"Receipt was uploaded but never approved",ELIGIBLE_FOR_DAMAGE_REVIEW,"AUTHORIZED_PURCHASE_IN_WARRANTY","§2.2, §2.4",response,closed
WC-10180,2026-04-30T19:04:54Z,2026-04-30T19:14:47Z,593,CLOSED,web,"Jordan West","jordan.west@example.com",US,"JD-100021","JOOLA Tour Elite Bag",JOOLA_DIRECT,true,"Eyewear lens has internal scratch",HUMAN_REVIEW_REQUIRED,"REPLACEMENT_LIMIT_REACHED","§2.8 Step 5, §5.2",esc,closed
WC-10084,2026-04-30T18:45:38Z,2026-04-30T18:53:24Z,466,CLOSED,voice,"Nadia Costa","nadia.costa@example.com",US,"FB-400001","JOOLA Magnus 3 16mm",FACEBOOK_MARKETPLACE,false,"Hairline crack near throat area",WARRANTY_EXPIRED,"WARRANTY_PERIOD_EXPIRED","§2.4",rules,closed
WC-10087,2026-04-30T17:19:07Z,2026-04-30T17:29:13Z,606,CLOSED,voice,"Carlos Vega","carlos.vega@example.com",PR,"JD-100029","JOOLA Infinity Apparel Tee",JOOLA_DIRECT,true,"Paddle warped after one week of play",WARRANTY_EXPIRED,"WARRANTY_PERIOD_EXPIRED","§2.4",rules,closed
WC-10259,2026-04-30T16:36:02Z,2026-04-30T16:40:32Z,270,CLOSED,web,"Ben Carter","ben.carter@example.com",US,"JD-100016","JOOLA Journey Paddle",JOOLA_DIRECT,true,"Eyewear hinge snapped on first use",ELIGIBLE_FOR_DAMAGE_REVIEW,"DAMAGED_ON_ARRIVAL","§3.9, §1.3",response,closed
WC-10206,2026-04-30T16:00:49Z,,,REOPENED,email,"Mateo Gagnon","mateo.gagnon@example.ca",CA,"JD-100028","JOOLA Spirit Carbon Blade",JOOLA_DIRECT,true,"NFC chip not reading in the app",ELIGIBLE_FOR_DAMAGE_REVIEW,"DEFECT_REPORTED_WITH_PHOTOS","§2.8 Step 2",response,rules
WC-10140,2026-04-30T15:14:25Z,2026-04-30T15:25:15Z,650,CLOSED,email,"Oliver Bennett","oliver.bennett@example.co.uk",GB,"JD-100041","JOOLA Hyperion CFS 16mm",JOOLA_DIRECT,true,"Bag zipper broke within a month",ELIGIBLE_FOR_DAMAGE_REVIEW,"NFC_REGISTERED_WITHIN_WINDOW","§2.5, §2.4",response,closed
WC-10277,2026-04-30T14:09:02Z,2026-04-30T14:14:11Z,309,CLOSED,email,"Oliver Bennett","oliver.bennett@example.co.uk",GB,"JD-100041","JOOLA Hyperion CFS 16mm",JOOLA_DIRECT,true,"Paddle sounds different after one session",ELIGIBLE_FOR_DAMAGE_REVIEW,"DEFECT_REPORTED_WITH_PHOTOS","§2.8 Step 2",response,closed
WC-10198,2026-04-30T13:06:42Z,2026-04-30T13:16:09Z,567,CLOSED,email,"Carlos Vega","carlos.vega@example.com",PR,"JD-100029","JOOLA Infinity Apparel Tee",JOOLA_DIRECT,true,"Paddle warped after one week of play",ELIGIBLE_FOR_DAMAGE_REVIEW,"AUTHORIZED_PURCHASE_IN_WARRANTY","§2.2, §2.4",response,closed
WC-10234,2026-04-30T12:01:58Z,2026-04-30T12:07:14Z,316,CLOSED,email,"David Park","david.park@example.com",US,"JD-100008","JOOLA Hyperion CAS 16mm",JOOLA_DIRECT,true,"Core sounds dead, very dampened response",ELIGIBLE_FOR_DAMAGE_REVIEW,"DAMAGED_ON_ARRIVAL","§3.9, §1.3",response,closed
WC-10138,2026-04-30T11:32:14Z,2026-04-30T11:39:08Z,414,CLOSED,email,"Grace Liu","grace.liu@example.com",US,"","",,false,"Order arrived but paddle was damaged in box",ELIGIBLE_FOR_DAMAGE_REVIEW,"DAMAGED_ON_ARRIVAL","§3.9, §1.3",response,closed
WC-10261,2026-04-30T10:03:43Z,,,REOPENED,voice,"Nadia Costa","nadia.costa@example.com",US,"JD-100020","JOOLA Primo Pickleballs (12)",JOOLA_DIRECT,true,"Hairline crack near throat area",HUMAN_REVIEW_REQUIRED,"BRAND_RISK","§5.2",esc,rules
WC-10119,2026-04-30T09:25:01Z,2026-04-30T09:36:34Z,693,CLOSED,email,"Lena Schmidt","lena.schmidt@example.de",DE,"JD-100042","JOOLA Scorpeus 4 14mm",JOOLA_DIRECT,true,"Paddle face has bubbling under the surface",NOT_ELIGIBLE,"NON_ORIGINAL_PURCHASER","§4.4, §2.1",rules,closed
WC-10120,2026-04-29T20:30:44Z,2026-04-29T20:38:24Z,460,CLOSED,web,"Aisha Khan","aisha.khan@example.com",US,"JD-100017","JOOLA Solaire Paddle",JOOLA_DIRECT,true,"Paddle warped after one week of play",ELIGIBLE_FOR_DAMAGE_REVIEW,"DEFECT_REPORTED_WITH_PHOTOS","§2.8 Step 2",response,closed
WC-10142,2026-04-29T19:08:04Z,2026-04-29T19:12:25Z,261,CLOSED,email,"Marcus Hall","marcus.hall@example.com",US,"JD-100018","JOOLA Essentials Paddle",JOOLA_DIRECT,true,"Order arrived but paddle was damaged in box",WARRANTY_EXPIRED,"WARRANTY_PERIOD_EXPIRED","§2.4",rules,closed
WC-10174,2026-04-29T16:32:04Z,2026-04-29T16:35:35Z,211,CLOSED,voice,"Marcus Hall","marcus.hall@example.com",US,"EB-300002","JOOLA Perseus 3 14mm",EBAY,false,"Net height adjustment slipping during play",ELIGIBLE_FOR_DAMAGE_REVIEW,"DEFECT_REPORTED_WITH_PHOTOS","§2.8 Step 2",response,closed
WC-10101,2026-04-29T14:31:42Z,2026-04-29T14:40:00Z,498,CLOSED,voice,"Trevor Nguyen","trevor.nguyen@example.com",US,"JD-100019","JOOLA Pro Net Set",JOOLA_DIRECT,true,"Net pole bent during normal assembly",ELIGIBLE_FOR_DAMAGE_REVIEW,"DAMAGED_ON_ARRIVAL","§3.9, §1.3",response,closed
WC-10161,2026-04-29T14:30:31Z,2026-04-29T14:37:58Z,447,CLOSED,email,"Hannah Cole","hannah.cole@example.com",US,"AR-200056","JOOLA Indoor Tournament Table 3000",AUTHORIZED_RETAILER,true,"Paddle face cracked along the edge",ELIGIBLE_FOR_DAMAGE_REVIEW,"DEFECT_REPORTED_WITH_PHOTOS","§2.8 Step 2",response,closed
WC-10111,2026-04-29T13:35:35Z,2026-04-29T13:37:56Z,141,CLOSED,email,"Nadia Costa","nadia.costa@example.com",US,"","",,false,"Edge guard came loose during play",NOT_ELIGIBLE,"OUTSIDE_WARRANTY_REGION","§2.1, §4.13",rules,closed
WC-10107,2026-04-29T12:20:34Z,2026-04-29T12:23:10Z,156,CLOSED,voice,"Tomás Rivera","tomas.rivera@example.com",US,"FB-400002","JOOLA Vision CGS 14mm",FACEBOOK_MARKETPLACE,false,"Returning a gift — wrong paddle model",NOT_ELIGIBLE,"CANCELLATION_NOT_PERMITTED","§1.5, §4.10",rules,closed
WC-10242,2026-04-29T11:32:05Z,2026-04-29T11:36:21Z,256,CLOSED,voice,"Mateo Gagnon","mateo.gagnon@example.ca",CA,"JD-100028","JOOLA Spirit Carbon Blade",JOOLA_DIRECT,true,"Question about warranty registration window",ELIGIBLE_FOR_DAMAGE_REVIEW,"DAMAGED_ON_ARRIVAL","§3.9, §1.3",response,closed
WC-10032,2026-04-29T10:46:19Z,2026-04-29T10:56:10Z,591,CLOSED,web,"Carlos Vega","carlos.vega@example.com",PR,"JD-100029","JOOLA Infinity Apparel Tee",JOOLA_DIRECT,true,"Core sounds dead, very dampened response",ELIGIBLE_FOR_DAMAGE_REVIEW,"NFC_REGISTERED_WITHIN_WINDOW","§2.5, §2.4",response,closed
WC-10105,2026-04-29T08:25:53Z,2026-04-29T08:28:44Z,171,CLOSED,voice,"Olivia Reed","olivia.reed@example.com",US,"JD-100059","JOOLA Scorpeus 4 16mm",JOOLA_DIRECT,true,"Eyewear hinge snapped on first use",HUMAN_REVIEW_REQUIRED,"DISPUTED_SELLER","§1.7, §2.9, §5.2",esc,closed
WC-10112,2026-04-28T19:01:28Z,,,OPEN,email,"Maria Garcia","maria.garcia@example.com",US,"JD-100007","JOOLA Agassi Pro IV",JOOLA_DIRECT,true,"Hairline crack near throat area",PROCESSING,"","",intake,draft
WC-10002,2026-04-28T17:07:51Z,2026-04-28T19:07:51Z,7200,CLOSED,email,"Sarah Lee","sarah.lee@example.com",US,"JD-100002","JOOLA Hyperion CFS 16mm",JOOLA_DIRECT,true,"My Hyperion has a defect — can I upgrade to a Perseus 3 instead under warranty?",NOT_ELIGIBLE,"UPGRADE_NOT_PERMITTED","§4.2, §2.8",rules,closed
WC-10151,2026-04-28T16:35:29Z,2026-04-28T16:45:42Z,613,CLOSED,web,"Sofia Martinez","sofia.martinez@example.com",US,"JD-100015","JOOLA Scorpeus 4 16mm",JOOLA_DIRECT,true,"Bag zipper broke within a month",HUMAN_REVIEW_REQUIRED,"AMBIGUOUS_DAMAGE","§2.3, §5.2",esc,closed
WC-10110,2026-04-28T14:02:38Z,2026-04-28T14:04:02Z,84,CLOSED,email,"Priya Shah","priya.shah@example.com",US,"JD-100012","JOOLA Hyperion CFS 14mm",JOOLA_DIRECT,true,"Replacement paddle has the same defect",ELIGIBLE_FOR_DAMAGE_REVIEW,"AUTHORIZED_PURCHASE_IN_WARRANTY","§2.2, §2.4",response,closed
WC-10202,2026-04-28T13:31:14Z,2026-04-28T13:38:49Z,455,CLOSED,voice,"David Park","david.park@example.com",US,"JD-100054","JOOLA Infinity Apparel Tee",JOOLA_DIRECT,true,"Throat area has spider-web cracks",ELIGIBLE_FOR_DAMAGE_REVIEW,"DAMAGED_ON_ARRIVAL","§3.9, §1.3",response,closed
WC-10040,2026-04-28T09:39:26Z,2026-04-28T09:42:30Z,184,CLOSED,email,"Jordan West","jordan.west@example.com",US,"JD-100021","JOOLA Tour Elite Bag",JOOLA_DIRECT,true,"Paddle face has bubbling under the surface",NOT_ELIGIBLE,"NORMAL_WEAR_AND_TEAR","§2.3",rules,closed
WC-10026,2026-04-27T18:54:48Z,2026-04-27T19:05:35Z,647,CLOSED,email,"David Park","david.park@example.com",US,"JD-100008","JOOLA Hyperion CAS 16mm",JOOLA_DIRECT,true,"Bag zipper broke within a month",NOT_ELIGIBLE,"CANCELLATION_NOT_PERMITTED","§1.5, §4.10",rules,closed
WC-10046,2026-04-27T17:04:55Z,2026-04-27T17:17:05Z,730,CLOSED,voice,"David Park","david.park@example.com",US,"","",,false,"Replacement paddle has the same defect",NOT_ELIGIBLE,"OUTSIDE_WARRANTY_REGION","§2.1, §4.13",rules,closed
WC-10034,2026-04-27T14:32:47Z,2026-04-27T14:34:31Z,104,CLOSED,voice,"Lena Schmidt","lena.schmidt@example.de",DE,"JD-100042","JOOLA Scorpeus 4 14mm",JOOLA_DIRECT,true,"Eyewear hinge snapped on first use",ELIGIBLE_FOR_DAMAGE_REVIEW,"DAMAGED_ON_ARRIVAL","§3.9, §1.3",response,closed
WC-10156,2026-04-27T13:23:27Z,2026-04-27T13:44:17Z,1250,CLOSED,email,"Tomás Rivera","tomas.rivera@example.com",US,"FB-400002","JOOLA Vision CGS 14mm",FACEBOOK_MARKETPLACE,false,"Handle grip is peeling off",NOT_ELIGIBLE,"CANCELLATION_NOT_PERMITTED","§1.5, §4.10",rules,closed
WC-10056,2026-04-27T12:59:31Z,2026-04-27T13:06:20Z,409,CLOSED,email,"Chris Wilson","chris.wilson@example.com",US,"JD-100006","JOOLA Magnus 3 16mm",JOOLA_DIRECT,true,"Throat area has spider-web cracks",ELIGIBLE_FOR_DAMAGE_REVIEW,"NFC_REGISTERED_WITHIN_WINDOW","§2.5, §2.4",response,closed
WC-10065,2026-04-27T12:57:49Z,2026-04-27T13:09:08Z,679,CLOSED,web,"Jordan West","jordan.west@example.com",US,"JD-100021","JOOLA Tour Elite Bag",JOOLA_DIRECT,true,"Hairline crack near throat area",ELIGIBLE_FOR_DAMAGE_REVIEW,"AUTHORIZED_PURCHASE_IN_WARRANTY","§2.2, §2.4",response,closed
WC-10059,2026-04-27T09:59:08Z,2026-04-27T10:10:25Z,677,CLOSED,email,"David Park","david.park@example.com",US,"JD-100008","JOOLA Hyperion CAS 16mm",JOOLA_DIRECT,true,"Eyewear hinge snapped on first use",NOT_ELIGIBLE,"UNAUTHORIZED_SELLER","§1.7, §2.3",rules,closed
WC-10175,2026-04-27T09:06:44Z,2026-04-27T09:08:49Z,125,CLOSED,email,"Mike Brown","mike.brown@example.com",US,"","",,false,"Paddle warped after one week of play",ELIGIBLE_FOR_DAMAGE_REVIEW,"NFC_REGISTERED_WITHIN_WINDOW","§2.5, §2.4",response,closed
WC-10265,2026-04-26T18:41:23Z,2026-04-26T18:43:53Z,150,CLOSED,voice,"Alex Green","alex.green@example.com",US,"JD-100050","JOOLA Pro Net Set",JOOLA_DIRECT,true,"Hairline crack near throat area",HUMAN_REVIEW_REQUIRED,"DISPUTED_SELLER","§1.7, §2.9, §5.2",esc,closed
WC-10253,2026-04-26T10:48:00Z,2026-04-26T10:53:44Z,344,CLOSED,voice,"Emily White","emily.white@example.com",US,"","",,false,"Net height adjustment slipping during play",ELIGIBLE_FOR_DAMAGE_REVIEW,"AUTHORIZED_PURCHASE_IN_WARRANTY","§2.2, §2.4",response,closed
WC-10225,2026-04-26T08:32:28Z,2026-04-26T08:42:03Z,575,CLOSED,voice,"Aisha Khan","aisha.khan@example.com",US,"JD-100017","JOOLA Solaire Paddle",JOOLA_DIRECT,true,"Returning a gift — wrong paddle model",NOT_ELIGIBLE,"OUTSIDE_WARRANTY_REGION","§2.1, §4.13",rules,closed
WC-10177,2026-04-25T20:57:00Z,2026-04-25T21:07:03Z,603,CLOSED,web,"Jordan West","jordan.west@example.com",US,"","",,false,"Order arrived but paddle was damaged in box",ELIGIBLE_FOR_DAMAGE_REVIEW,"AUTHORIZED_PURCHASE_IN_WARRANTY","§2.2, §2.4",response,closed
WC-10200,2026-04-25T20:51:19Z,2026-04-25T20:59:34Z,495,CLOSED,email,"John Smith","john.smith@example.com",US,"JD-100047","JOOLA Solaire Paddle",JOOLA_DIRECT,true,"Edge guard came loose during play",ELIGIBLE_FOR_DAMAGE_REVIEW,"DAMAGED_ON_ARRIVAL","§3.9, §1.3",response,closed
WC-10172,2026-04-25T17:24:34Z,2026-04-25T17:29:03Z,269,CLOSED,voice,"Charlotte Roy","charlotte.roy@example.ca",CA,"JD-100027","JOOLA Prime 40+ Balls (6)",JOOLA_DIRECT,true,"Throat area has spider-web cracks",ELIGIBLE_FOR_DAMAGE_REVIEW,"AUTHORIZED_PURCHASE_IN_WARRANTY","§2.2, §2.4",response,closed
WC-10001,2026-04-25T17:07:51Z,2026-04-25T19:07:51Z,7200,CLOSED,email,"John Smith","john.smith@example.com",US,"JD-100001","JOOLA Perseus 3 14mm",JOOLA_DIRECT,true,"Paddle face cracked after 45 days — past return window but I think still under warranty",ELIGIBLE_FOR_DAMAGE_REVIEW,"WITHIN_WARRANTY_PAST_RETURN","§4.1, §2.4",response,closed
WC-10217,2026-04-25T16:46:30Z,2026-04-25T16:53:33Z,423,CLOSED,voice,"Olivia Reed","olivia.reed@example.com",US,"JD-100013","JOOLA Perseus 3 14mm",JOOLA_DIRECT,true,"Edge guard came loose during play",ELIGIBLE_FOR_DAMAGE_REVIEW,"DEFECT_REPORTED_WITH_PHOTOS","§2.8 Step 2",response,closed
WC-10118,2026-04-25T13:57:02Z,2026-04-25T14:02:15Z,313,CLOSED,email,"Marcus Hall","marcus.hall@example.com",US,"JD-100018","JOOLA Essentials Paddle",JOOLA_DIRECT,true,"Hairline crack near throat area",ELIGIBLE_FOR_DAMAGE_REVIEW,"AUTHORIZED_PURCHASE_IN_WARRANTY","§2.2, §2.4",response,closed
WC-10166,2026-04-25T12:35:12Z,2026-04-25T12:40:55Z,343,CLOSED,email,"Grace Liu","grace.liu@example.com",US,"JD-100024","JOOLA Indoor Tournament Table 3000",JOOLA_DIRECT,true,"Paddle bag handle stitching came apart",ELIGIBLE_FOR_DAMAGE_REVIEW,"NFC_REGISTERED_WITHIN_WINDOW","§2.5, §2.4",response,closed
WC-10178,2026-04-25T12:00:52Z,2026-04-25T12:09:10Z,498,CLOSED,voice,"Marcus Hall","marcus.hall@example.com",US,"JD-100018","JOOLA Essentials Paddle",JOOLA_DIRECT,true,"Grip wrap unraveling after light use",NOT_ELIGIBLE,"CANCELLATION_NOT_PERMITTED","§1.5, §4.10",rules,closed
WC-10150,2026-04-25T08:15:49Z,2026-04-25T08:25:30Z,581,CLOSED,voice,"Olivia Reed","olivia.reed@example.com",US,"JD-100013","JOOLA Perseus 3 14mm",JOOLA_DIRECT,true,"Paddle bag handle stitching came apart",HUMAN_REVIEW_REQUIRED,"TABLE_SIGNED_DAMAGED","§4.11, §2.7, §5.2",esc,closed
WC-10141,2026-04-24T20:58:20Z,2026-04-24T21:00:31Z,131,CLOSED,email,"Charlotte Roy","charlotte.roy@example.ca",CA,"JD-100027","JOOLA Prime 40+ Balls (6)",JOOLA_DIRECT,true,"Grip wrap unraveling after light use",ELIGIBLE_FOR_DAMAGE_REVIEW,"DAMAGED_ON_ARRIVAL","§3.9, §1.3",response,closed
WC-10076,2026-04-24T18:44:11Z,2026-04-24T18:51:02Z,411,CLOSED,email,"Grace Liu","grace.liu@example.com",US,"JD-100024","JOOLA Indoor Tournament Table 3000",JOOLA_DIRECT,true,"Net pole bent during normal assembly",NOT_ELIGIBLE,"NORMAL_WEAR_AND_TEAR","§2.3",rules,closed
WC-10183,2026-04-24T16:16:44Z,2026-04-24T16:25:17Z,513,CLOSED,voice,"Liam Tremblay","liam.tremblay@example.ca",CA,"JD-100026","JOOLA Rhyzm 425 Rubber",JOOLA_DIRECT,true,"Paddle warped after one week of play",ELIGIBLE_FOR_DAMAGE_REVIEW,"DAMAGED_ON_ARRIVAL","§3.9, §1.3",response,closed
WC-10154,2026-04-24T16:03:18Z,2026-04-24T16:04:04Z,46,CLOSED,voice,"Lauren Chen","lauren.chen@example.com",US,"JD-100055","JOOLA Tour Elite Bag",JOOLA_DIRECT,true,"Paddle sounds different after one session",NOT_ELIGIBLE,"OUTSIDE_WARRANTY_REGION","§2.1, §4.13",rules,closed
WC-10228,2026-04-24T16:02:02Z,2026-04-24T16:04:35Z,153,CLOSED,email,"Tomás Rivera","tomas.rivera@example.com",US,"","",,false,"Ball logo prints are flaking off",ELIGIBLE_FOR_DAMAGE_REVIEW,"NFC_REGISTERED_WITHIN_WINDOW","§2.5, §2.4",response,closed
WC-10158,2026-04-24T11:35:46Z,,,OPEN,email,"Marcus Hall","marcus.hall@example.com",US,"JD-100018","JOOLA Essentials Paddle",JOOLA_DIRECT,true,"Returning a gift — wrong paddle model",PROCESSING,"","",intake,verify
WC-10196,2026-04-24T09:36:54Z,2026-04-24T09:39:06Z,132,CLOSED,voice,"Liam Tremblay","liam.tremblay@example.ca",CA,"JD-100026","JOOLA Rhyzm 425 Rubber",JOOLA_DIRECT,true,"Net height adjustment slipping during play",ELIGIBLE_FOR_DAMAGE_REVIEW,"DEFECT_REPORTED_WITH_PHOTOS","§2.8 Step 2",response,closed
WC-10205,2026-04-23T19:43:50Z,2026-04-23T19:45:36Z,106,CLOSED,email,"David Park","david.park@example.com",US,"JD-100054","JOOLA Infinity Apparel Tee",JOOLA_DIRECT,true,"Edge guard fully detached on the bottom",ELIGIBLE_FOR_DAMAGE_REVIEW,"AUTHORIZED_PURCHASE_IN_WARRANTY","§2.2, §2.4",response,closed
WC-10083,2026-04-23T14:08:10Z,2026-04-23T14:18:54Z,644,CLOSED,web,"Tomás Rivera","tomas.rivera@example.com",US,"FB-400002","JOOLA Vision CGS 14mm",FACEBOOK_MARKETPLACE,false,"Question about warranty registration window",ELIGIBLE_FOR_DAMAGE_REVIEW,"DEFECT_REPORTED_WITH_PHOTOS","§2.8 Step 2",response,closed
WC-10213,2026-04-23T13:59:02Z,2026-04-23T14:10:38Z,696,CLOSED,email,"Aisha Khan","aisha.khan@example.com",US,"JD-100017","JOOLA Solaire Paddle",JOOLA_DIRECT,true,"Paddle face cracked along the edge",ELIGIBLE_FOR_DAMAGE_REVIEW,"DEFECT_REPORTED_WITH_PHOTOS","§2.8 Step 2",response,closed
WC-10207,2026-04-22T20:42:54Z,,,REOPENED,voice,"Charlotte Roy","charlotte.roy@example.ca",CA,"JD-100027","JOOLA Prime 40+ Balls (6)",JOOLA_DIRECT,true,"Throat area has spider-web cracks",NOT_ELIGIBLE,"NON_ORIGINAL_PURCHASER","§4.4, §2.1",rules,rules
WC-10266,2026-04-22T20:42:46Z,2026-04-22T20:54:25Z,699,CLOSED,email,"Daniel Kim","daniel.kim@example.com",US,"JD-100060","JOOLA Vision CGS 14mm",JOOLA_DIRECT,true,"Edge guard came loose during play",NOT_ELIGIBLE,"UNAUTHORIZED_SELLER","§1.7, §2.3",rules,closed
WC-10189,2026-04-22T20:29:29Z,,,REOPENED,email,"Charlotte Roy","charlotte.roy@example.ca",CA,"JD-100027","JOOLA Prime 40+ Balls (6)",JOOLA_DIRECT,true,"Dead spot on the face — sounds hollow",ELIGIBLE_FOR_DAMAGE_REVIEW,"AUTHORIZED_PURCHASE_IN_WARRANTY","§2.2, §2.4",response,rules
WC-10039,2026-04-22T20:20:02Z,2026-04-22T20:48:02Z,1680,CLOSED,web,"Chris Wilson","chris.wilson@example.com",US,"JD-100006","JOOLA Magnus 3 16mm",JOOLA_DIRECT,true,"Surface delaminating around the perimeter",ELIGIBLE_FOR_DAMAGE_REVIEW,"NFC_REGISTERED_WITHIN_WINDOW","§2.5, §2.4",response,closed
WC-10144,2026-04-22T20:15:32Z,2026-04-22T20:20:02Z,270,CLOSED,web,"Emily White","emily.white@example.com",US,"JD-100005","JOOLA Perseus 3 16mm",JOOLA_DIRECT,true,"Replacement paddle has the same defect",ELIGIBLE_FOR_DAMAGE_REVIEW,"DAMAGED_ON_ARRIVAL","§3.9, §1.3",response,closed
WC-10072,2026-04-22T16:31:45Z,2026-04-22T16:42:32Z,647,CLOSED,voice,"Nadia Costa","nadia.costa@example.com",US,"FB-400001","JOOLA Magnus 3 16mm",FACEBOOK_MARKETPLACE,false,"Throat area has spider-web cracks",NOT_ELIGIBLE,"OUTSIDE_WARRANTY_REGION","§2.1, §4.13",rules,closed
WC-10256,2026-04-22T16:04:44Z,2026-04-22T16:40:43Z,2159,CLOSED,voice,"Sarah Lee","sarah.lee@example.com",US,"JD-100048","JOOLA Primo Pickleballs (12)",JOOLA_DIRECT,true,"Paddle face cracked along the edge",HUMAN_REVIEW_REQUIRED,"BRAND_RISK","§5.2",esc,closed
WC-10249,2026-04-22T15:12:30Z,2026-04-22T15:18:32Z,362,CLOSED,web,"Oliver Bennett","oliver.bennett@example.co.uk",GB,"","",,false,"Ball logo prints are flaking off",HUMAN_REVIEW_REQUIRED,"DISPUTED_SELLER","§1.7, §2.9, §5.2",esc,closed
WC-10153,2026-04-22T13:46:49Z,2026-04-22T13:52:44Z,355,CLOSED,voice,"John Smith","john.smith@example.com",US,"JD-100001","JOOLA Perseus 3 14mm",JOOLA_DIRECT,true,"Paddle warped after one week of play",ELIGIBLE_FOR_DAMAGE_REVIEW,"DAMAGED_ON_ARRIVAL","§3.9, §1.3",response,closed
WC-10147,2026-04-22T13:15:52Z,2026-04-22T13:22:33Z,401,CLOSED,email,"Oliver Bennett","oliver.bennett@example.co.uk",GB,"JD-100041","JOOLA Hyperion CFS 16mm",JOOLA_DIRECT,true,"Net height adjustment slipping during play",NOT_ELIGIBLE,"OUTSIDE_WARRANTY_REGION","§2.1, §4.13",rules,closed
WC-10060,2026-04-22T10:44:56Z,2026-04-22T10:51:31Z,395,CLOSED,voice,"Hannah Cole","hannah.cole@example.com",US,"JD-099003","JOOLA Scorpeus Original",JOOLA_DIRECT,true,"Receipt was uploaded but never approved",ELIGIBLE_FOR_DAMAGE_REVIEW,"DEFECT_REPORTED_WITH_PHOTOS","§2.8 Step 2",response,closed
WC-10052,2026-04-22T09:28:34Z,2026-04-22T09:32:48Z,254,CLOSED,web,"Marcus Hall","marcus.hall@example.com",US,"JD-100018","JOOLA Essentials Paddle",JOOLA_DIRECT,true,"Carbon face has visible fiber lifting",ELIGIBLE_FOR_DAMAGE_REVIEW,"AUTHORIZED_PURCHASE_IN_WARRANTY","§2.2, §2.4",response,closed
WC-10129,2026-04-21T20:10:13Z,2026-04-21T20:14:43Z,270,CLOSED,web,"Daniel Kim","daniel.kim@example.com",US,"JD-100060","JOOLA Vision CGS 14mm",JOOLA_DIRECT,true,"Cosmetic chip near the corner",NOT_ELIGIBLE,"CANCELLATION_NOT_PERMITTED","§1.5, §4.10",rules,closed
WC-10212,2026-04-21T17:03:39Z,2026-04-21T17:09:51Z,372,CLOSED,email,"Emily White","emily.white@example.com",US,"JD-099002","JOOLA Perseus Original",JOOLA_DIRECT,true,"Paddle face cracked along the edge",NOT_ELIGIBLE,"CANCELLATION_NOT_PERMITTED","§1.5, §4.10",rules,closed
WC-10090,2026-04-21T15:18:10Z,2026-04-21T15:27:28Z,558,CLOSED,web,"Imani Foster","imani.foster@example.com",US,"JD-100022","JOOLA Ben Johns Eyewear",JOOLA_DIRECT,true,"Ball logo prints are flaking off",HUMAN_REVIEW_REQUIRED,"BRAND_RISK","§5.2",esc,closed
WC-10191,2026-04-21T13:14:05Z,2026-04-21T13:19:58Z,353,CLOSED,email,"Charlotte Roy","charlotte.roy@example.ca",CA,"JD-100027","JOOLA Prime 40+ Balls (6)",JOOLA_DIRECT,true,"Paddle bag handle stitching came apart",ELIGIBLE_FOR_DAMAGE_REVIEW,"AUTHORIZED_PURCHASE_IN_WARRANTY","§2.2, §2.4",response,closed
WC-10220,2026-04-21T11:54:02Z,2026-04-21T12:04:16Z,614,CLOSED,email,"Jamal Wright","jamal.wright@example.com",US,"AR-200003","JOOLA Tour Elite Bag",AUTHORIZED_RETAILER,true,"Eyewear hinge snapped on first use",ELIGIBLE_FOR_DAMAGE_REVIEW,"NFC_REGISTERED_WITHIN_WINDOW","§2.5, §2.4",response,closed
WC-10035,2026-04-21T11:25:54Z,2026-04-21T11:33:44Z,470,CLOSED,voice,"Alex Green","alex.green@example.com",US,"JD-100050","JOOLA Pro Net Set",JOOLA_DIRECT,true,"Bag zipper broke within a month",NOT_ELIGIBLE,"NON_ORIGINAL_PURCHASER","§4.4, §2.1",rules,closed
WC-10263,2026-04-20T19:03:27Z,2026-04-20T19:13:45Z,618,CLOSED,email,"Lena Schmidt","lena.schmidt@example.de",DE,"JD-100042","JOOLA Scorpeus 4 14mm",JOOLA_DIRECT,true,"Handle grip is peeling off",ELIGIBLE_FOR_DAMAGE_REVIEW,"DEFECT_REPORTED_WITH_PHOTOS","§2.8 Step 2",response,closed
WC-10218,2026-04-20T18:42:55Z,2026-04-20T18:47:40Z,285,CLOSED,voice,"Charlotte Roy","charlotte.roy@example.ca",CA,"JD-100027","JOOLA Prime 40+ Balls (6)",JOOLA_DIRECT,true,"Paddle sounds different after one session",HUMAN_REVIEW_REQUIRED,"TABLE_SIGNED_DAMAGED","§4.11, §2.7, §5.2",esc,closed
WC-10109,2026-04-20T17:22:35Z,2026-04-20T17:34:00Z,685,CLOSED,web,"Jamal Wright","jamal.wright@example.com",US,"JD-100057","JOOLA Perseus 3 16mm",JOOLA_DIRECT,true,"Receipt was uploaded but never approved",NOT_ELIGIBLE,"OUTSIDE_WARRANTY_REGION","§2.1, §4.13",rules,closed
WC-10250,2026-04-20T10:29:25Z,2026-04-20T10:40:57Z,692,CLOSED,web,"Mateo Gagnon","mateo.gagnon@example.ca",CA,"JD-100028","JOOLA Spirit Carbon Blade",JOOLA_DIRECT,true,"Paddle sounds different after one session",HUMAN_REVIEW_REQUIRED,"TABLE_SIGNED_DAMAGED","§4.11, §2.7, §5.2",esc,closed
WC-10159,2026-04-20T09:01:17Z,2026-04-20T09:35:16Z,2039,CLOSED,email,"Oliver Bennett","oliver.bennett@example.co.uk",GB,"JD-100041","JOOLA Hyperion CFS 16mm",JOOLA_DIRECT,true,"Bag zipper broke within a month",ELIGIBLE_FOR_DAMAGE_REVIEW,"NFC_REGISTERED_WITHIN_WINDOW","§2.5, §2.4",response,closed
WC-10123,2026-04-19T18:29:14Z,2026-04-19T18:40:42Z,688,CLOSED,voice,"Lauren Chen","lauren.chen@example.com",US,"JD-100009","JOOLA Scorpeus 4 14mm",JOOLA_DIRECT,true,"Receipt was uploaded but never approved",ELIGIBLE_FOR_DAMAGE_REVIEW,"NFC_REGISTERED_WITHIN_WINDOW","§2.5, §2.4",response,closed
WC-10092,2026-04-19T14:52:48Z,2026-04-19T15:02:13Z,565,CLOSED,email,"Maria Garcia","maria.garcia@example.com",US,"AR-200002","JOOLA Hyperion CFS 16mm",AUTHORIZED_RETAILER,true,"Edge guard came loose during play",NOT_ELIGIBLE,"UNAUTHORIZED_SELLER","§1.7, §2.3",rules,closed
WC-10192,2026-04-19T13:17:39Z,2026-04-19T13:25:25Z,466,CLOSED,web,"Emily White","emily.white@example.com",US,"JD-099002","JOOLA Perseus Original",JOOLA_DIRECT,true,"Question about warranty registration window",ELIGIBLE_FOR_DAMAGE_REVIEW,"AUTHORIZED_PURCHASE_IN_WARRANTY","§2.2, §2.4",response,closed
WC-10143,2026-04-19T09:46:55Z,,,REOPENED,web,"Imani Foster","imani.foster@example.com",US,"JD-100022","JOOLA Ben Johns Eyewear",JOOLA_DIRECT,true,"Paddle sounds different after one session",HUMAN_REVIEW_REQUIRED,"TABLE_SIGNED_DAMAGED","§4.11, §2.7, §5.2",esc,rules
WC-10132,2026-04-19T09:37:33Z,2026-04-19T09:49:19Z,706,CLOSED,email,"Daniel Kim","daniel.kim@example.com",US,"JD-100060","JOOLA Vision CGS 14mm",JOOLA_DIRECT,true,"Returning a gift — wrong paddle model",ELIGIBLE_FOR_DAMAGE_REVIEW,"AUTHORIZED_PURCHASE_IN_WARRANTY","§2.2, §2.4",response,closed
WC-10170,2026-04-18T20:59:29Z,,,REOPENED,voice,"Jordan West","jordan.west@example.com",US,"JD-100021","JOOLA Tour Elite Bag",JOOLA_DIRECT,true,"Dead spot on the face — sounds hollow",ELIGIBLE_FOR_DAMAGE_REVIEW,"AUTHORIZED_PURCHASE_IN_WARRANTY","§2.2, §2.4",response,rules
WC-10243,2026-04-18T14:22:33Z,2026-04-18T14:34:16Z,703,CLOSED,voice,"Imani Foster","imani.foster@example.com",US,"JD-100022","JOOLA Ben Johns Eyewear",JOOLA_DIRECT,true,"Question about warranty registration window",ELIGIBLE_FOR_DAMAGE_REVIEW,"DEFECT_REPORTED_WITH_PHOTOS","§2.8 Step 2",response,closed
WC-10097,2026-04-18T13:52:40Z,2026-04-18T13:58:00Z,320,CLOSED,voice,"Chris Wilson","chris.wilson@example.com",US,"JD-100006","JOOLA Magnus 3 16mm",JOOLA_DIRECT,true,"Receipt was uploaded but never approved",ELIGIBLE_FOR_DAMAGE_REVIEW,"DAMAGED_ON_ARRIVAL","§3.9, §1.3",response,closed
WC-10027,2026-04-18T13:28:16Z,2026-04-18T13:39:45Z,689,CLOSED,web,"Ben Carter","ben.carter@example.com",US,"JD-100016","JOOLA Journey Paddle",JOOLA_DIRECT,true,"Edge guard fully detached on the bottom",HUMAN_REVIEW_REQUIRED,"REPLACEMENT_LIMIT_REACHED","§2.8 Step 5, §5.2",esc,closed
WC-10267,2026-04-18T11:36:41Z,2026-04-18T11:44:16Z,455,CLOSED,web,"Lena Schmidt","lena.schmidt@example.de",DE,"","",,false,"Paddle warped after one week of play",ELIGIBLE_FOR_DAMAGE_REVIEW,"AUTHORIZED_PURCHASE_IN_WARRANTY","§2.2, §2.4",response,closed
WC-10163,2026-04-18T11:05:04Z,2026-04-18T11:11:13Z,369,CLOSED,voice,"Priya Shah","priya.shah@example.com",US,"JD-100058","JOOLA Hyperion CFS 16mm",JOOLA_DIRECT,true,"Core sounds dead, very dampened response",WARRANTY_EXPIRED,"WARRANTY_PERIOD_EXPIRED","§2.4",rules,closed
WC-10252,2026-04-18T10:58:27Z,2026-04-18T11:37:39Z,2352,CLOSED,voice,"Mike Brown","mike.brown@example.com",US,"JD-100003","JOOLA Scorpeus 4 16mm",JOOLA_DIRECT,true,"Paddle sounds different after one session",HUMAN_REVIEW_REQUIRED,"TABLE_SIGNED_DAMAGED","§4.11, §2.7, §5.2",esc,closed
